mean_fit_time,std_fit_time,mean_score_time,std_score_time,param_knn__metric,param_knn__n_neighbors,param_knn__weights,params,split0_test_score,split1_test_score,split2_test_score,split3_test_score,split4_test_score,mean_test_score,std_test_score,rank_test_score,split0_train_score,split1_train_score,split2_train_score,split3_train_score,split4_train_score,mean_train_score,std_train_score
0.01694002151489258,0.00244013382304708,0.4891913414001465,0.015082143924193051,euclidean,1,uniform,"{'knn__metric': 'euclidean', 'knn__n_neighbors': 1, 'knn__weights': 'uniform'}",0.7655502392344498,0.7692307692307693,0.77,0.7263681592039801,0.784688995215311,0.763167632576902,0.01952685317971415,31,1.0,1.0,1.0,1.0,1.0,1.0,0.0
0.019338130950927734,0.004022290402058761,0.6215687751770019,0.059713560504598286,euclidean,1,distance,"{'knn__metric': 'euclidean', 'knn__n_neighbors': 1, 'knn__weights': 'distance'}",0.7655502392344498,0.7692307692307693,0.77,0.7263681592039801,0.784688995215311,0.763167632576902,0.01952685317971415,31,1.0,1.0,1.0,1.0,1.0,1.0,0.0
0.02732686996459961,0.009974089676284333,0.2698906421661377,0.2894806981386811,euclidean,3,uniform,"{'knn__metric': 'euclidean', 'knn__n_neighbors': 3, 'knn__weights': 'uniform'}",0.8,0.8333333333333334,0.8169014084507042,0.7655502392344498,0.8229665071770335,0.8077502976391042,0.023709405812763446,15,0.9033018867924528,0.8976190476190476,0.8912783751493429,0.8960573476702509,0.8933649289099526,0.8963243172282093,0.004114695304277174
0.029590892791748046,0.008021145667830729,0.026262807846069335,0.008047107695458596,euclidean,3,distance,"{'knn__metric': 'euclidean', 'knn__n_neighbors': 3, 'knn__weights': 'distance'}",0.8,0.827906976744186,0.7942583732057417,0.7559808612440191,0.8229665071770335,0.8002225436741961,0.025599464953555143,26,1.0,1.0,1.0,1.0,1.0,1.0,0.0
0.021730375289916993,0.006623466397071744,0.023957252502441406,0.006707928880194282,euclidean,5,uniform,"{'knn__metric': 'euclidean', 'knn__n_neighbors': 5, 'knn__weights': 'uniform'}",0.7963800904977375,0.8235294117647058,0.7889908256880734,0.7942583732057417,0.839622641509434,0.8085562685331386,0.01962044965948446,13,0.880648899188876,0.8617511520737328,0.8754448398576512,0.8716136631330977,0.8684516880093132,0.8715820484525342,0.00638084037283161
0.05670065879821777,0.07211115885099391,0.055007123947143556,0.06333195731528672,euclidean,5,distance,"{'knn__metric': 'euclidean', 'knn__n_neighbors': 5, 'knn__weights': 'distance'}",0.7963800904977375,0.8235294117647058,0.7741935483870968,0.7942583732057417,0.8450704225352113,0.8066863692780986,0.024793069607365218,18,1.0,1.0,1.0,1.0,1.0,1.0,0.0
0.017925405502319337,0.003147781562282319,0.03714752197265625,0.013817036347872258,euclidean,7,uniform,"{'knn__metric': 'euclidean', 'knn__n_neighbors': 7, 'knn__weights': 'uniform'}",0.7962962962962963,0.8425925925925926,0.7927927927927928,0.7870370370370371,0.819047619047619,0.8075532675532676,0.02061737688027827,16,0.8587699316628702,0.8465116279069768,0.8568075117370892,0.8538011695906432,0.8571428571428571,0.8546066196080873,0.0043540150351928635
0.01898784637451172,0.004525769232621549,0.03078150749206543,0.008716259219691044,euclidean,7,distance,"{'knn__metric': 'euclidean', 'knn__n_neighbors': 7, 'knn__weights': 'distance'}",0.7962962962962963,0.8425925925925926,0.7927927927927928,0.783410138248848,0.8301886792452831,0.8090560998351626,0.023049101270920674,12,1.0,1.0,1.0,1.0,1.0,1.0,0.0
0.024036598205566407,0.010676186779760182,0.025333499908447264,0.006221866885768029,euclidean,9,uniform,"{'knn__metric': 'euclidean', 'knn__n_neighbors': 9, 'knn__weights': 'uniform'}",0.8018018018018018,0.8416289592760181,0.7911111111111111,0.7926267281105991,0.8421052631578947,0.8138547726914851,0.023163219888881464,6,0.8545454545454545,0.8442906574394463,0.851764705882353,0.8524970963995354,0.8506271379703535,0.8507450104474286,0.003470605883078554
0.06842899322509766,0.10513533164960594,0.022272348403930664,0.005381033431675188,euclidean,9,distance,"{'knn__metric': 'euclidean', 'knn__n_neighbors': 9, 'knn__weights': 'distance'}",0.8071748878923767,0.8416289592760181,0.7802690582959642,0.7870370370370371,0.8530805687203792,0.8138381022443552,0.028989236426758578,7,1.0,1.0,1.0,1.0,1.0,1.0,0.0
0.019828367233276366,0.004674034974201499,0.02994232177734375,0.00709055527536399,euclidean,11,uniform,"{'knn__metric': 'euclidean', 'knn__n_neighbors': 11, 'knn__weights': 'uniform'}",0.8036529680365296,0.8272727272727273,0.7964601769911505,0.7699530516431925,0.8490566037735849,0.8092791055434368,0.027013095550959734,11,0.847651775486827,0.8465011286681715,0.8489042675893888,0.8459770114942529,0.834841628959276,0.8447751624395832,0.005067995657822624
0.025116491317749023,0.01767724647612409,0.026036596298217772,0.005201627919966499,euclidean,11,distance,"{'knn__metric': 'euclidean', 'knn__n_neighbors': 11, 'knn__weights': 'distance'}",0.8090909090909091,0.832579185520362,0.7822222222222223,0.7641509433962265,0.8490566037735849,0.807419972800661,0.03122986580615329,17,1.0,1.0,1.0,1.0,1.0,1.0,0.0
0.01702728271484375,0.0022621120590357803,0.030608081817626955,0.013392501850438587,euclidean,15,uniform,"{'knn__metric': 'euclidean', 'knn__n_neighbors': 15, 'knn__weights': 'uniform'}",0.8161434977578476,0.7964601769911505,0.8157894736842105,0.783410138248848,0.839622641509434,0.8102851856382982,0.019176560489577776,10,0.8390022675736961,0.8380520951302378,0.8337182448036952,0.8383371824480369,0.8176670441676104,0.8333553668246554,0.00806251052675986
0.028757238388061525,0.017291799811855486,0.026273632049560548,0.007451894202742093,euclidean,15,distance,"{'knn__metric': 'euclidean', 'knn__n_neighbors': 15, 'knn__weights': 'distance'}",0.8108108108108109,0.8034934497816594,0.7964601769911505,0.772093023255814,0.839622641509434,0.8044960204697738,0.021859964499333667,21,1.0,1.0,1.0,1.0,1.0,1.0,0.0
0.018653392791748047,0.0047247498164200465,0.03274636268615723,0.0071296327606850275,euclidean,21,uniform,"{'knn__metric': 'euclidean', 'knn__n_neighbors': 21, 'knn__weights': 'uniform'}",0.8108108108108109,0.8108108108108109,0.7894736842105263,0.7663551401869159,0.8421052631578947,0.8039111418353917,0.025190852347742838,22,0.8237986270022883,0.8284424379232506,0.8232611174458381,0.8236658932714617,0.8211473565804275,0.8240630864446532,0.002389604800077916
0.05820760726928711,0.05191164198121881,0.03993220329284668,0.015632595679908632,euclidean,21,distance,"{'knn__metric': 'euclidean', 'knn__n_neighbors': 21, 'knn__weights': 'distance'}",0.8071748878923767,0.8125,0.7841409691629956,0.7777777777777778,0.8476190476190476,0.8058425364904395,0.024698026515434762,19,1.0,1.0,1.0,1.0,1.0,1.0,0.0
0.023814821243286134,0.007710063983590414,0.025586843490600586,0.0015646342295208282,manhattan,1,uniform,"{'knn__metric': 'manhattan', 'knn__n_neighbors': 1, 'knn__weights': 'uniform'}",0.7926267281105991,0.7428571428571429,0.7596153846153846,0.7582938388625592,0.7677725118483413,0.7642331212588054,0.016323328187096003,29,1.0,1.0,1.0,1.0,1.0,1.0,0.0
0.02445530891418457,0.007572050398373947,0.03725590705871582,0.016887539247442948,manhattan,1,distance,"{'knn__metric': 'manhattan', 'knn__n_neighbors': 1, 'knn__weights': 'distance'}",0.7926267281105991,0.7428571428571429,0.7596153846153846,0.7582938388625592,0.7677725118483413,0.7642331212588054,0.016323328187096003,29,1.0,1.0,1.0,1.0,1.0,1.0,0.0
0.029398441314697266,0.028252536615868316,0.03360915184020996,0.0186532357690583,manhattan,3,uniform,"{'knn__metric': 'manhattan', 'knn__n_neighbors': 3, 'knn__weights': 'uniform'}",0.8071748878923767,0.8186046511627907,0.7906976744186046,0.7830188679245284,0.8148148148148148,0.802862179242623,0.013791465164056662,23,0.9011764705882352,0.8994082840236687,0.8981042654028436,0.903755868544601,0.9146919431279621,0.9034273663374621,0.00594228174775039
0.01936450004577637,0.0045352756916567415,0.03571219444274902,0.014975971051085462,manhattan,3,distance,"{'knn__metric': 'manhattan', 'knn__n_neighbors': 3, 'knn__weights': 'distance'}",0.8054298642533937,0.8169014084507042,0.7559808612440191,0.7757009345794392,0.8093023255813954,0.7926630788217903,0.023067949149869336,28,1.0,1.0,1.0,1.0,1.0,1.0,0.0
0.016088294982910156,0.0017527198221746463,0.02947578430175781,0.00779897146893866,manhattan,5,uniform,"{'knn__metric': 'manhattan', 'knn__n_neighbors': 5, 'knn__weights': 'uniform'}",0.7873303167420814,0.8251121076233184,0.8036529680365296,0.7777777777777778,0.8169014084507042,0.8021549157260823,0.01766776419242569,25,0.880648899188876,0.8781609195402299,0.8783314020857474,0.8726851851851852,0.8865497076023392,0.8792752227204754,0.004480316529462609
0.020759725570678712,0.004748528809366208,0.025221729278564455,0.0034277653841071954,manhattan,5,distance,"{'knn__metric': 'manhattan', 'knn__n_neighbors': 5, 'knn__weights': 'distance'}",0.8018018018018018,0.8235294117647058,0.7777777777777778,0.7777777777777778,0.8130841121495327,0.7987941762543191,0.01848490175752643,27,1.0,1.0,1.0,1.0,1.0,1.0,0.0
0.01624574661254883,0.0022176858625340356,0.039288806915283206,0.015151857660322123,manhattan,7,uniform,"{'knn__metric': 'manhattan', 'knn__n_neighbors': 7, 'knn__weights': 'uniform'}",0.8,0.8303571428571429,0.8198198198198198,0.8037383177570093,0.8356807511737089,0.8179192063215363,0.01411369992696947,2,0.871264367816092,0.8685714285714285,0.8637413394919169,0.8679678530424799,0.869364161849711,0.8681818301543256,0.002482558242139054
0.01913604736328125,0.005533646009736697,0.0336029052734375,0.007131292385175176,manhattan,7,distance,"{'knn__metric': 'manhattan', 'knn__n_neighbors': 7, 'knn__weights': 'distance'}",0.8036529680365296,0.8288288288288288,0.7945205479452054,0.8169014084507042,0.8317757009345794,0.8151358908391695,0.014313257923783119,5,1.0,1.0,1.0,1.0,1.0,1.0,0.0
0.02203526496887207,0.0016239766005552096,0.030511140823364258,0.004078235281043011,manhattan,9,uniform,"{'knn__metric': 'manhattan', 'knn__n_neighbors': 9, 'knn__weights': 'uniform'}",0.8018018018018018,0.8355555555555556,0.8053097345132744,0.7870370370370371,0.8333333333333334,0.8126074924482005,0.018868187469557,9,0.8626560726447219,0.8538812785388128,0.8654292343387471,0.863013698630137,0.856492027334852,0.860294462297454,0.004357172733511233
0.041362571716308597,0.03433529475611088,0.02983551025390625,0.007644526146915473,manhattan,9,distance,"{'knn__metric': 'manhattan', 'knn__n_neighbors': 9, 'knn__weights': 'distance'}",0.8054298642533937,0.8340807174887892,0.7713004484304933,0.7962962962962963,0.8333333333333334,0.8080881319604611,0.023716585461817624,14,1.0,1.0,1.0,1.0,1.0,1.0,0.0
0.023551511764526366,0.01780903741861424,0.03876438140869141,0.021488837673788615,manhattan,11,uniform,"{'knn__metric': 'manhattan', 'knn__n_neighbors': 11, 'knn__weights': 'uniform'}",0.8054298642533937,0.8378378378378378,0.8053097345132744,0.7981651376146789,0.8518518518518519,0.8197188852142073,0.021152719771406654,1,0.8584269662921349,0.847457627118644,0.8637413394919169,0.854524627720504,0.8458049886621315,0.8539911098570663,0.006704139295493312
0.015038156509399414,0.0020161731077883247,0.029499006271362305,0.006161449682609466,manhattan,11,distance,"{'knn__metric': 'manhattan', 'knn__n_neighbors': 11, 'knn__weights': 'distance'}",0.8036529680365296,0.8416289592760181,0.7857142857142857,0.8037383177570093,0.8518518518518519,0.8173172765271388,0.025113921585706696,3,1.0,1.0,1.0,1.0,1.0,1.0,0.0
0.020069074630737305,0.008592133882723124,0.03519506454467773,0.011544776805945343,manhattan,15,uniform,"{'knn__metric': 'manhattan', 'knn__n_neighbors': 15, 'knn__weights': 'uniform'}",0.7894736842105263,0.8363636363636363,0.8141592920353983,0.7757009345794392,0.867579908675799,0.8166554911729598,0.03287571940052264,4,0.8503937007874016,0.8445945945945946,0.8419864559819413,0.8388571428571429,0.831081081081081,0.8413825950604323,0.0063934453081335284
0.015770912170410156,0.0030381585854957153,0.02805190086364746,0.006828381935578264,manhattan,15,distance,"{'knn__metric': 'manhattan', 'knn__n_neighbors': 15, 'knn__weights': 'distance'}",0.7982456140350878,0.8310502283105022,0.8,0.7735849056603774,0.8623853211009175,0.813053213821377,0.030675554080573673,8,1.0,1.0,1.0,1.0,1.0,1.0,0.0
0.018639183044433592,0.004077188698878023,0.03771553039550781,0.01872442436433623,manhattan,21,uniform,"{'knn__metric': 'manhattan', 'knn__n_neighbors': 21, 'knn__weights': 'uniform'}",0.7894736842105263,0.8303571428571429,0.7946428571428571,0.7592592592592593,0.8387096774193549,0.8024885241778282,0.0289425007393526,24,0.834841628959276,0.8322147651006712,0.8340909090909091,0.8357870894677236,0.8162344983089064,0.8306337781854973,0.007294561809915826
0.02088313102722168,0.01209734665430632,0.030299997329711913,0.006359945424800654,manhattan,21,distance,"{'knn__metric': 'manhattan', 'knn__n_neighbors': 21, 'knn__weights': 'distance'}",0.7913043478260869,0.8340807174887892,0.7727272727272727,0.7853881278538812,0.8440366972477065,0.8055074326287475,0.028220523614818457,20,1.0,1.0,1.0,1.0,1.0,1.0,0.0
