mean_fit_time,std_fit_time,mean_score_time,std_score_time,param_svm__C,param_svm__gamma,param_svm__kernel,params,split0_test_score,split1_test_score,split2_test_score,split3_test_score,split4_test_score,mean_test_score,std_test_score,rank_test_score,split0_train_score,split1_train_score,split2_train_score,split3_train_score,split4_train_score,mean_train_score,std_train_score
0.052306413650512695,0.006488855602502029,0.020012855529785156,0.005687262988483923,0.1,scale,linear,"{'svm__C': 0.1, 'svm__gamma': 'scale', 'svm__kernel': 'linear'}",0.75,0.7627906976744186,0.7570093457943925,0.7733333333333333,0.7601809954751131,0.7606628744554514,0.007646509406374409,19,0.7764976958525346,0.7709750566893424,0.7697516930022573,0.765375854214123,0.7671232876712328,0.7699447174858981,0.003817731279026909
0.07422709465026855,0.009330479233880978,0.05037655830383301,0.00520729596839211,0.1,scale,rbf,"{'svm__C': 0.1, 'svm__gamma': 'scale', 'svm__kernel': 'rbf'}",0.7542372881355932,0.7841409691629956,0.8053097345132744,0.8122270742358079,0.7829787234042553,0.7877787578903852,0.020329089230375925,12,0.8021857923497268,0.8004362050163577,0.7973997833152763,0.7946725860155383,0.8,0.7989388733393797,0.0026260419125512468
0.05149188041687012,0.0045223672234030055,0.016867446899414062,0.0012935126478565398,0.1,0.001,linear,"{'svm__C': 0.1, 'svm__gamma': 0.001, 'svm__kernel': 'linear'}",0.75,0.7627906976744186,0.7570093457943925,0.7733333333333333,0.7601809954751131,0.7606628744554514,0.007646509406374409,19,0.7764976958525346,0.7709750566893424,0.7697516930022573,0.765375854214123,0.7671232876712328,0.7699447174858981,0.003817731279026909
0.09717731475830078,0.009130828901526672,0.07780265808105469,0.008266493541820076,0.1,0.001,rbf,"{'svm__C': 0.1, 'svm__gamma': 0.001, 'svm__kernel': 'rbf'}",0.7181818181818181,0.7207207207207207,0.75,0.7610619469026548,0.7565217391304347,0.7412972449871257,0.018198257695839822,38,0.7449664429530202,0.7447045707915273,0.7388392857142857,0.7340909090909091,0.7437641723356009,0.7412730761770686,0.004222050060623671
0.05947012901306152,0.006598138441340659,0.02184638977050781,0.004279224318551612,0.1,0.01,linear,"{'svm__C': 0.1, 'svm__gamma': 0.01, 'svm__kernel': 'linear'}",0.75,0.7627906976744186,0.7570093457943925,0.7733333333333333,0.7601809954751131,0.7606628744554514,0.007646509406374409,19,0.7764976958525346,0.7709750566893424,0.7697516930022573,0.765375854214123,0.7671232876712328,0.7699447174858981,0.003817731279026909
0.09251418113708496,0.010347218401022812,0.065983247756958,0.01259171598319406,0.1,0.01,rbf,"{'svm__C': 0.1, 'svm__gamma': 0.01, 'svm__kernel': 'rbf'}",0.7359307359307359,0.7410714285714286,0.7876106194690266,0.7739130434782608,0.7553648068669528,0.7587781268632809,0.019532329717795224,30,0.7680525164113785,0.7719298245614035,0.7627302275189599,0.7634763476347635,0.7744774477447744,0.7681332727742559,0.004594534424831437
0.06565995216369629,0.014321436299726953,0.020563411712646484,0.004303099047950212,0.1,0.1,linear,"{'svm__C': 0.1, 'svm__gamma': 0.1, 'svm__kernel': 'linear'}",0.75,0.7627906976744186,0.7570093457943925,0.7733333333333333,0.7601809954751131,0.7606628744554514,0.007646509406374409,19,0.7764976958525346,0.7709750566893424,0.7697516930022573,0.765375854214123,0.7671232876712328,0.7699447174858981,0.003817731279026909
0.08515524864196777,0.0025093084611802095,0.058590364456176755,0.0039342550048250624,0.1,0.1,rbf,"{'svm__C': 0.1, 'svm__gamma': 0.1, 'svm__kernel': 'rbf'}",0.7563025210084033,0.7844827586206896,0.8122270742358079,0.8122270742358079,0.7932489451476793,0.7916976746496776,0.02073736169085518,9,0.8117519042437432,0.8081457663451233,0.8012820512820513,0.804851157662624,0.8056460369163952,0.8063353832899874,0.003487992963494534
0.05910205841064453,0.004302528664627853,0.019832897186279296,0.002493911893936921,0.1,1,linear,"{'svm__C': 0.1, 'svm__gamma': 1, 'svm__kernel': 'linear'}",0.75,0.7627906976744186,0.7570093457943925,0.7733333333333333,0.7601809954751131,0.7606628744554514,0.007646509406374409,19,0.7764976958525346,0.7709750566893424,0.7697516930022573,0.765375854214123,0.7671232876712328,0.7699447174858981,0.003817731279026909
0.11875681877136231,0.012101635466766932,0.08065624237060547,0.008570350696642831,0.1,1,rbf,"{'svm__C': 0.1, 'svm__gamma': 1, 'svm__kernel': 'rbf'}",0.7003154574132492,0.1791044776119403,0.752542372881356,0.7526132404181185,0.6942675159235668,0.6157686128496461,0.21973589931548737,40,0.9978308026030369,0.9978213507625272,0.998914223669924,0.9978308026030369,0.9967497291440953,0.9978293817565241,0.0006844852482073868
0.10973730087280273,0.02719871953918599,0.021761465072631835,0.004985805548777386,1.0,scale,linear,"{'svm__C': 1, 'svm__gamma': 'scale', 'svm__kernel': 'linear'}",0.7465437788018433,0.7627906976744186,0.7663551401869159,0.7733333333333333,0.7579908675799086,0.761402763515284,0.008957916640595188,14,0.7756041426927502,0.7723669309173273,0.7681818181818182,0.768,0.768348623853211,0.7705003031290214,0.003026221719759266
0.07342534065246582,0.004621637656269084,0.04738326072692871,0.006039444690322265,1.0,scale,rbf,"{'svm__C': 1, 'svm__gamma': 'scale', 'svm__kernel': 'rbf'}",0.8161434977578476,0.8125,0.8387096774193549,0.8340425531914893,0.8434782608695652,0.8289747978476514,0.01238435860466071,8,0.8938053097345132,0.9067245119305857,0.8977777777777778,0.905982905982906,0.8963210702341137,0.9001223151319792,0.005249502891891862
0.08857345581054688,0.0036681665523078852,0.01899123191833496,0.002171079551258465,1.0,0.001,linear,"{'svm__C': 1, 'svm__gamma': 0.001, 'svm__kernel': 'linear'}",0.7465437788018433,0.7627906976744186,0.7663551401869159,0.7733333333333333,0.7579908675799086,0.761402763515284,0.008957916640595188,14,0.7756041426927502,0.7723669309173273,0.7681818181818182,0.768,0.768348623853211,0.7705003031290214,0.003026221719759266
0.09802675247192383,0.021849366712744303,0.06245574951171875,0.011583527888619527,1.0,0.001,rbf,"{'svm__C': 1, 'svm__gamma': 0.001, 'svm__kernel': 'rbf'}",0.7456140350877193,0.7387387387387387,0.7857142857142857,0.7685589519650655,0.7606837606837606,0.7598619544379139,0.016696404470422938,29,0.7665198237885462,0.7683863885839737,0.7592997811816192,0.7612761276127613,0.7709251101321586,0.7652814462598119,0.004355412316099531
0.09444723129272461,0.008006574203795958,0.020187854766845703,0.004112498589762878,1.0,0.01,linear,"{'svm__C': 1, 'svm__gamma': 0.01, 'svm__kernel': 'linear'}",0.7465437788018433,0.7627906976744186,0.7663551401869159,0.7733333333333333,0.7579908675799086,0.761402763515284,0.008957916640595188,14,0.7756041426927502,0.7723669309173273,0.7681818181818182,0.768,0.768348623853211,0.7705003031290214,0.003026221719759266
0.08084330558776856,0.011035831292958124,0.05542902946472168,0.00765067625363535,1.0,0.01,rbf,"{'svm__C': 1, 'svm__gamma': 0.01, 'svm__kernel': 'rbf'}",0.7787610619469026,0.7636363636363637,0.7963800904977375,0.8193832599118943,0.7931034482758621,0.790252844853752,0.018626584803904715,11,0.8057713651498335,0.8096809680968097,0.8008849557522124,0.8044692737430168,0.8062709966405375,0.805415511876482,0.0028451329635571843
0.09033341407775879,0.005858192899309734,0.01971125602722168,0.0023398595888405828,1.0,0.1,linear,"{'svm__C': 1, 'svm__gamma': 0.1, 'svm__kernel': 'linear'}",0.7465437788018433,0.7627906976744186,0.7663551401869159,0.7733333333333333,0.7579908675799086,0.761402763515284,0.008957916640595188,14,0.7756041426927502,0.7723669309173273,0.7681818181818182,0.768,0.768348623853211,0.7705003031290214,0.003026221719759266
0.07038135528564453,0.0019851967873611613,0.04234910011291504,0.003228741282075976,1.0,0.1,rbf,"{'svm__C': 1, 'svm__gamma': 0.1, 'svm__kernel': 'rbf'}",0.8384279475982532,0.8070175438596491,0.832579185520362,0.8607594936708861,0.8595744680851064,0.8396717277468515,0.019793735444683946,4,0.9219088937093276,0.9229098805646037,0.9128996692392503,0.9247311827956989,0.9146608315098468,0.9194220915637455,0.0047275130251519925
0.08446879386901855,0.003661360590846382,0.01772303581237793,0.0012437443642685007,1.0,1,linear,"{'svm__C': 1, 'svm__gamma': 1, 'svm__kernel': 'linear'}",0.7465437788018433,0.7627906976744186,0.7663551401869159,0.7733333333333333,0.7579908675799086,0.761402763515284,0.008957916640595188,14,0.7756041426927502,0.7723669309173273,0.7681818181818182,0.768,0.768348623853211,0.7705003031290214,0.003026221719759266
0.13016390800476074,0.015069963417993383,0.07933034896850585,0.010338090592869024,1.0,1,rbf,"{'svm__C': 1, 'svm__gamma': 1, 'svm__kernel': 'rbf'}",0.71280276816609,0.7210884353741497,0.7508532423208191,0.7605633802816901,0.7386759581881533,0.7367967568661805,0.017823756211061057,39,1.0,1.0,1.0,0.998914223669924,1.0,0.9997828447339849,0.0004343105320304019
0.3461435794830322,0.027055393595787795,0.01795186996459961,0.0016735141644571093,10.0,scale,linear,"{'svm__C': 10, 'svm__gamma': 'scale', 'svm__kernel': 'linear'}",0.7383177570093458,0.7627906976744186,0.7605633802816901,0.7733333333333333,0.7579908675799086,0.7585992071757393,0.011403756750600354,31,0.7727797001153403,0.7737556561085973,0.7676537585421412,0.768,0.768348623853211,0.7701075477238579,0.0026079012684337016
0.0738405704498291,0.0026052983951253797,0.037234163284301756,0.0014869121408040632,10.0,scale,rbf,"{'svm__C': 10, 'svm__gamma': 'scale', 'svm__kernel': 'rbf'}",0.851063829787234,0.8225108225108225,0.8558558558558559,0.8512396694214877,0.8583690987124464,0.8478078552575692,0.012950897739745148,3,0.9709989258861439,0.9751351351351352,0.9629629629629629,0.9721030042918455,0.9666307857911733,0.969566162813452,0.004283001610017466
0.382448148727417,0.039665660090128445,0.01911921501159668,0.0022137980628410075,10.0,0.001,linear,"{'svm__C': 10, 'svm__gamma': 0.001, 'svm__kernel': 'linear'}",0.7383177570093458,0.7627906976744186,0.7605633802816901,0.7733333333333333,0.7579908675799086,0.7585992071757393,0.011403756750600354,31,0.7727797001153403,0.7737556561085973,0.7676537585421412,0.768,0.768348623853211,0.7701075477238579,0.0026079012684337016
0.06639070510864258,0.004723020209577207,0.04584660530090332,0.002380449331202144,10.0,0.001,rbf,"{'svm__C': 10, 'svm__gamma': 0.001, 'svm__kernel': 'rbf'}",0.7589285714285714,0.7557603686635944,0.7614678899082569,0.7857142857142857,0.782608695652174,0.7688959622733764,0.012633004542680477,13,0.7851518560179978,0.7790178571428571,0.7787610619469026,0.7782805429864253,0.7751412429378531,0.7792705122064072,0.0032540584790970713
0.32863197326660154,0.029207022738971206,0.01861228942871094,0.0015630846316906646,10.0,0.01,linear,"{'svm__C': 10, 'svm__gamma': 0.01, 'svm__kernel': 'linear'}",0.7383177570093458,0.7627906976744186,0.7605633802816901,0.7733333333333333,0.7579908675799086,0.7585992071757393,0.011403756750600354,31,0.7727797001153403,0.7737556561085973,0.7676537585421412,0.768,0.768348623853211,0.7701075477238579,0.0026079012684337016
0.0680398941040039,0.004839336802079287,0.03912200927734375,0.005224432601762431,10.0,0.01,rbf,"{'svm__C': 10, 'svm__gamma': 0.01, 'svm__kernel': 'rbf'}",0.8125,0.8378378378378378,0.8186046511627907,0.8547008547008547,0.8407079646017699,0.8328702616606506,0.015369687023205233,7,0.8689809630459127,0.8777292576419214,0.8730512249443207,0.8736383442265795,0.8662131519274376,0.8719225883572344,0.003979594721795904
0.34297356605529783,0.04588163374264321,0.018027067184448242,0.0023167515872554102,10.0,0.1,linear,"{'svm__C': 10, 'svm__gamma': 0.1, 'svm__kernel': 'linear'}",0.7383177570093458,0.7627906976744186,0.7605633802816901,0.7733333333333333,0.7579908675799086,0.7585992071757393,0.011403756750600354,31,0.7727797001153403,0.7737556561085973,0.7676537585421412,0.768,0.768348623853211,0.7701075477238579,0.0026079012684337016
0.10435113906860352,0.02859856787345773,0.04488096237182617,0.008814539142921286,10.0,0.1,rbf,"{'svm__C': 10, 'svm__gamma': 0.1, 'svm__kernel': 'rbf'}",0.8571428571428571,0.8138528138528138,0.8584070796460177,0.8523206751054853,0.8583690987124464,0.8480185048919239,0.017228547208539224,2,0.9816612729234089,0.9838187702265372,0.9752421959095802,0.9806451612903225,0.9806034482758621,0.9803941697251422,0.0028278284100359532
0.5159155368804932,0.12332907507804013,0.024875307083129884,0.0048501909761229514,10.0,1,linear,"{'svm__C': 10, 'svm__gamma': 1, 'svm__kernel': 'linear'}",0.7383177570093458,0.7627906976744186,0.7605633802816901,0.7733333333333333,0.7579908675799086,0.7585992071757393,0.011403756750600354,31,0.7727797001153403,0.7737556561085973,0.7676537585421412,0.768,0.768348623853211,0.7701075477238579,0.0026079012684337016
0.11687150001525878,0.006398851179595678,0.06486706733703614,0.0014518355588422564,10.0,1,rbf,"{'svm__C': 10, 'svm__gamma': 1, 'svm__kernel': 'rbf'}",0.7298245614035088,0.7310344827586207,0.7586206896551724,0.762589928057554,0.7535211267605634,0.7471181577270839,0.013931511078509361,36,1.0,1.0,1.0,1.0,1.0,1.0,0.0
2.4470469474792482,0.2322753852866832,0.017629623413085938,0.0007584630655861419,100.0,scale,linear,"{'svm__C': 100, 'svm__gamma': 'scale', 'svm__kernel': 'linear'}",0.7476635514018691,0.7627906976744186,0.7605633802816901,0.7733333333333333,0.7579908675799086,0.760468366054244,0.008258461260083833,24,0.7713625866050808,0.7728813559322034,0.7676537585421412,0.7688787185354691,0.768348623853211,0.7698250086936211,0.0019745839438883354
0.09042048454284668,0.007248097758049115,0.03303027153015137,0.0023902979800234057,100.0,scale,rbf,"{'svm__C': 100, 'svm__gamma': 'scale', 'svm__kernel': 'rbf'}",0.853448275862069,0.7894736842105263,0.8482142857142857,0.8487394957983193,0.8448275862068966,0.8369406655584195,0.023891948183362915,5,0.9978308026030369,0.9967497291440953,0.9935064935064936,0.9956709956709957,0.9956521739130435,0.9958820389675329,0.0014346539236567862
2.779321479797363,0.30850928215717627,0.018203067779541015,0.003390119534395688,100.0,0.001,linear,"{'svm__C': 100, 'svm__gamma': 0.001, 'svm__kernel': 'linear'}",0.7476635514018691,0.7627906976744186,0.7605633802816901,0.7733333333333333,0.7579908675799086,0.760468366054244,0.008258461260083833,24,0.7713625866050808,0.7728813559322034,0.7676537585421412,0.7688787185354691,0.768348623853211,0.7698250086936211,0.0019745839438883354
0.08052101135253906,0.0067236330361932625,0.04382586479187012,0.007620916952420586,100.0,0.001,rbf,"{'svm__C': 100, 'svm__gamma': 0.001, 'svm__kernel': 'rbf'}",0.7757009345794392,0.7757009345794392,0.8148148148148148,0.8125,0.7782805429864253,0.7913994453920237,0.018212660507258383,10,0.8108720271800679,0.8139797068771139,0.7995469988674971,0.8036529680365296,0.8082663605051664,0.8072636122932749,0.005132542511122788
2.5318624496459963,0.31609724413817997,0.01816258430480957,0.0011528894380178835,100.0,0.01,linear,"{'svm__C': 100, 'svm__gamma': 0.01, 'svm__kernel': 'linear'}",0.7476635514018691,0.7627906976744186,0.7605633802816901,0.7733333333333333,0.7579908675799086,0.760468366054244,0.008258461260083833,24,0.7713625866050808,0.7728813559322034,0.7676537585421412,0.7688787185354691,0.768348623853211,0.7698250086936211,0.0019745839438883354
0.10207171440124511,0.00812935515750872,0.03374295234680176,0.0019752025748140676,100.0,0.01,rbf,"{'svm__C': 100, 'svm__gamma': 0.01, 'svm__kernel': 'rbf'}",0.8706896551724138,0.8122270742358079,0.852017937219731,0.8663967611336032,0.8717948717948718,0.8546252599112855,0.022342036113818943,1,0.9239013933547695,0.9293361884368309,0.918859649122807,0.9268817204301075,0.9217577706323687,0.9241473443953767,0.003691373477843493
2.505614423751831,0.2716967547528338,0.015365076065063477,0.0017354688886942829,100.0,0.1,linear,"{'svm__C': 100, 'svm__gamma': 0.1, 'svm__kernel': 'linear'}",0.7476635514018691,0.7627906976744186,0.7605633802816901,0.7733333333333333,0.7579908675799086,0.760468366054244,0.008258461260083833,24,0.7713625866050808,0.7728813559322034,0.7676537585421412,0.7688787185354691,0.768348623853211,0.7698250086936211,0.0019745839438883354
0.08955631256103516,0.009757264260294517,0.040417718887329104,0.009647015995576226,100.0,0.1,rbf,"{'svm__C': 100, 'svm__gamma': 0.1, 'svm__kernel': 'rbf'}",0.8434782608695652,0.7946428571428571,0.8430493273542601,0.847457627118644,0.8376068376068376,0.833246982018433,0.01955502121368008,6,0.998914223669924,1.0,0.9978260869565218,1.0,0.998914223669924,0.999130906859274,0.0008132778076679743
2.0488726615905763,0.6650345940497627,0.010196971893310546,0.004537315753171265,100.0,1,linear,"{'svm__C': 100, 'svm__gamma': 1, 'svm__kernel': 'linear'}",0.7476635514018691,0.7627906976744186,0.7605633802816901,0.7733333333333333,0.7579908675799086,0.760468366054244,0.008258461260083833,24,0.7713625866050808,0.7728813559322034,0.7676537585421412,0.7688787185354691,0.768348623853211,0.7698250086936211,0.0019745839438883354
0.10858473777770997,0.0029420308064779183,0.06689572334289551,0.006265628711625931,100.0,1,rbf,"{'svm__C': 100, 'svm__gamma': 1, 'svm__kernel': 'rbf'}",0.7298245614035088,0.7310344827586207,0.7586206896551724,0.762589928057554,0.7535211267605634,0.7471181577270839,0.013931511078509361,36,1.0,1.0,1.0,1.0,1.0,1.0,0.0
