cadmium,aluminium,chromium,perchlorate,chloramine,arsenic,viruses,radium,lead,uranium,nitrites,barium,flouride,ammonia,selenium,bacteria,silver,is_safe
0.05,0.0,0.04,6.4,0.1,0.01,0.008,0.83,0.113,0.04,0.86,0.62,0.26,18.86,0.09,0.07,0.03,0
0.001,0.27,0.16,55.11,6.71,0.01,0.0,0.54,0.091,0.04,1.0,3.58,1.17,9.74,0.03,0.0,0.39,0
0.04,0.02,0.1,53.96,2.22,0.37,0.91,3.69,0.073,0.0,2.19,3.74,0.95,21.05,0.04,0.91,0.37,0
0.007,1.4,0.7,18.56,7.74,0.05,0.0,3.9,0.12,0.04,1.68,3.63,0.65,14.93,0.05,0.0,0.41,1
0.11,0.02,0.2,32.03,4.01,0.26,0.94,4.64,0.001,0.02,2.02,3.13,0.13,17.13,0.04,0.94,0.05,1
0.002,0.0,0.1,14.31,0.71,0.04,0.68,7.22,0.153,0.05,1.73,0.58,0.83,3.82,0.05,0.68,0.49,0
0.08,0.07,0.08,3.84,0.04,0.09,0.008,0.86,0.042,0.02,1.95,0.54,1.37,22.8,0.07,0.09,0.01,0
0.001,0.07,0.11,54.7,3.37,0.01,0.005,4.29,0.013,0.08,1.97,3.6,0.27,23.59,0.02,0.26,0.42,0
0.05,1.24,0.18,6.36,0.18,0.84,0.0,5.41,0.162,0.0,1.48,1.19,0.3,25.85,0.01,0.0,0.32,0
0.006,3.12,0.07,40.27,1.87,0.03,0.002,1.16,0.028,0.02,1.07,3.98,0.04,18.12,0.0,0.32,0.35,1
0.07,3.4,0.28,46.43,8.42,0.42,0.0,7.29,0.185,0.01,1.74,1.98,0.45,14.2,0.07,0.0,0.02,0
0.008,3.9,0.34,47.93,0.79,0.001,0.5,1.23,0.148,0.02,1.95,1.6,0.01,9.79,0.06,0.5,0.01,1
0.007,2.22,0.27,15.81,7.17,0.03,0.007,4.98,0.166,0.07,1.36,3.96,0.23,11.87,0.07,0.18,0.47,1
0.06,0.08,0.04,3.71,0.02,0.05,0.008,1.18,0.113,0.04,1.5,0.22,0.26,9.62,0.09,0.07,0.01,0
0.005,3.85,0.63,1.7,6.68,0.03,0.0,2.26,0.03,0.07,1.41,0.31,0.53,11.33,0.08,0.0,0.32,1
0.006,0.17,0.38,5.73,1.12,0.04,0.57,1.08,0.101,0.01,1.04,1.87,1.09,17.69,0.04,0.57,0.03,1
0.03,0.02,0.09,0.39,0.08,0.04,0.004,0.26,0.082,0.01,1.6,1.08,0.76,0.38,0.02,0.15,0.1,0
0.12,0.05,0.21,46.97,2.5,0.17,0.001,0.87,0.06,0.05,1.29,3.41,1.36,12.39,0.03,0.37,0.27,0
0.004,4.35,0.61,0.73,0.64,0.02,0.006,0.5,0.107,0.0,1.19,0.88,0.42,26.85,0.04,0.44,0.35,1
0.009,1.82,0.3,33.24,0.63,0.01,0.78,2.58,0.185,0.04,1.66,1.74,0.29,9.2,0.03,0.78,0.4,1
0.05,0.09,0.09,0.98,0.05,0.06,0.82,0.59,0.023,0.02,0.95,0.24,1.41,1.71,0.09,0.0,0.08,0
0.01,0.09,0.06,0.14,0.28,0.09,0.005,0.41,0.048,0.03,0.38,1.68,1.25,2.1,0.08,0.06,0.02,1
0.007,1.39,0.27,45.85,1.8,0.02,0.003,2.07,0.124,0.03,1.88,0.78,0.48,9.01,0.06,0.43,0.31,1
0.06,0.09,0.02,0.07,0.06,0.06,0.003,4.16,0.051,0.08,0.6,0.12,0.97,23.77,0.04,0.0,0.01,1
0.11,0.26,0.09,41.78,6.86,0.19,0.002,4.08,0.001,0.01,1.9,1.12,0.8,6.3,0.06,0.37,0.05,1
0.01,0.04,0.3,34.26,7.18,0.76,0.54,3.17,0.097,0.05,1.78,2.09,0.21,12.42,0.05,0.54,0.26,0
0.005,4.05,0.61,14.78,5.24,0.001,0.81,1.29,0.041,0.07,1.81,3.74,0.18,24.04,0.0,0.81,0.44,1
0.03,2.53,0.29,14.03,8.66,0.72,0.64,0.79,0.154,0.0,2.04,3.48,0.57,3.8,0.04,0.64,0.03,1
0.004,3.96,0.3,27.56,7.65,0.04,0.79,7.79,0.199,0.03,1.77,2.2,0.9,21.99,0.09,0.79,0.1,1
0.007,1.21,0.09,30.86,6.8,0.03,0.001,7.46,0.032,0.07,1.74,2.56,0.88,11.64,0.06,0.28,0.03,1
0.001,4.13,0.62,54.14,6.7,0.01,0.006,5.12,0.019,0.04,1.77,2.35,0.92,27.2,0.07,0.02,0.42,0
0.001,0.76,0.57,36.9,5.33,0.03,0.0,7.5,0.006,0.03,1.25,1.21,0.62,5.77,0.02,0.0,0.09,1
0.004,0.27,0.1,28.73,4.13,0.02,0.93,6.87,0.174,0.07,1.45,1.37,0.8,12.27,0.05,0.93,0.13,0
0.04,0.03,0.02,1.44,0.05,0.05,0.59,5.41,0.141,0.08,1.61,0.34,1.46,16.07,0.02,0.0,0.04,0
0.009,0.42,0.34,19.19,3.7,0.01,0.0,2.86,0.109,0.03,1.0,2.82,0.76,17.59,0.09,0.0,0.21,1
0.007,1.06,0.32,46.81,4.05,0.001,0.0,2.31,0.021,0.02,1.09,2.43,0.32,0.43,0.0,0.0,0.03,1
0.11,0.02,0.65,34.89,3.67,0.31,0.58,1.74,0.061,0.06,1.52,1.12,1.46,8.02,0.03,0.58,0.01,0
0.001,2.69,0.05,0.33,0.81,0.04,0.64,2.58,0.087,0.08,1.07,0.36,0.36,0.97,0.03,0.64,0.06,1
0.03,0.04,0.01,0.45,0.08,0.02,0.005,0.22,0.012,0.08,0.14,0.99,0.27,22.98,0.07,0.0,0.03,1
0.001,4.55,0.77,0.74,1.23,0.04,0.001,4.99,0.033,0.06,1.38,2.3,0.37,14.38,0.05,0.45,0.33,1
0.007,3.67,0.08,9.83,1.36,0.02,0.0,6.17,0.182,0.07,1.2,3.81,0.66,27.89,0.01,0.0,0.07,1
0.09,0.08,0.08,2.55,0.23,0.02,0.74,5.87,0.132,0.05,0.62,1.22,0.63,21.94,0.1,0.0,0.05,0
0.02,0.01,0.07,2.51,0.14,0.07,0.003,0.54,0.007,0.07,1.32,0.37,0.63,7.51,0.09,0.48,0.03,0
0.02,0.01,0.06,1.53,0.12,0.07,0.003,0.49,0.043,0.05,0.61,0.88,0.16,24.76,0.02,0.0,0.09,1
0.13,0.66,0.49,3.26,8.34,0.35,0.78,3.71,0.038,0.06,1.43,4.83,0.89,5.54,0.02,0.78,0.36,0
0.04,0.01,0.09,2.38,0.02,0.08,0.007,0.36,0.008,0.09,0.14,1.35,0.75,11.1,0.02,0.0,0.01,0
0.009,1.32,0.84,46.47,5.06,0.01,0.0,0.53,0.145,0.03,1.14,3.06,1.03,3.91,0.05,0.0,0.13,1
0.01,0.08,0.12,58.16,5.9,0.88,0.6,4.33,0.16,0.07,1.46,3.68,0.33,3.32,0.02,0.6,0.39,0
0.008,3.54,0.66,12.48,4.96,0.03,0.0,7.93,0.05,0.01,1.42,1.0,0.91,28.57,0.09,0.0,0.42,1
0.003,0.03,0.36,16.61,6.14,0.03,0.005,2.27,0.044,0.0,1.45,1.21,1.1,29.02,0.06,0.38,0.24,0
0.11,1.17,0.36,45.05,5.13,0.24,0.59,1.68,0.146,0.07,1.42,0.99,0.63,24.27,0.07,0.59,0.37,0
0.05,0.07,0.05,8.12,0.19,0.0,0.001,4.23,0.194,0.02,0.43,0.04,1.19,1.62,0.08,0.0,0.02,0
0.005,3.79,0.72,9.33,2.99,0.01,0.008,1.3,0.153,0.07,1.44,3.47,0.59,26.13,0.05,0.4,0.27,1
0.0,0.06,0.09,2.55,0.08,0.04,0.77,3.22,0.052,0.04,0.58,0.23,0.69,18.94,0.01,0.0,0.05,0
0.006,3.21,0.28,28.19,3.08,0.04,0.0,5.94,0.152,0.02,1.82,0.55,0.63,23.64,0.07,0.0,0.22,1
0.009,3.47,0.69,17.89,3.1,0.03,0.0,1.97,0.113,0.01,1.94,3.81,1.1,8.61,0.07,0.0,0.25,1
0.04,0.24,0.29,14.94,1.62,0.25,0.67,3.93,0.001,0.08,2.13,3.9,1.48,17.6,0.07,0.67,0.31,0
0.02,4.57,0.17,30.24,1.93,0.74,0.006,7.74,0.183,0.02,1.37,1.52,0.14,23.64,0.03,0.0,0.03,0
0.01,0.05,0.06,0.05,0.02,0.07,0.005,0.67,0.19,0.04,2.03,0.99,0.55,5.83,0.06,0.03,0.06,0
0.09,0.06,0.09,5.44,0.36,0.07,0.004,0.02,0.154,0.01,1.33,0.16,0.15,4.89,0.06,0.24,0.09,0
0.04,0.94,0.26,49.1,1.05,0.62,0.0,3.23,0.034,0.02,1.39,4.14,0.85,23.14,0.09,0.0,0.03,0
0.11,3.24,0.6,20.21,6.7,0.82,0.64,7.8,0.044,0.05,1.39,4.69,0.32,19.54,0.08,0.0,0.16,0
0.001,3.98,0.07,32.35,7.18,0.02,0.59,5.22,0.051,0.08,1.35,0.38,0.24,11.14,0.0,0.59,0.21,1
0.008,0.07,0.43,34.44,4.47,0.001,0.002,0.02,0.155,0.01,1.19,2.71,0.07,5.44,0.07,0.29,0.05,1
0.07,0.05,0.08,4.03,0.54,0.04,0.0,0.44,0.137,0.02,1.36,0.39,0.28,22.57,0.1,0.19,0.0,0
0.003,3.83,0.22,33.8,4.95,0.04,0.002,6.5,0.125,0.04,1.22,0.33,0.4,8.62,0.01,0.02,0.15,1
0.008,3.43,0.15,36.15,1.49,0.04,0.0,3.91,0.122,0.04,1.79,2.65,0.26,15.58,0.06,0.0,0.48,1
0.09,0.07,0.05,2.53,0.52,0.02,0.008,0.68,0.017,0.06,0.0,0.97,0.02,22.5,0.0,0.0,0.05,0
0.002,0.08,0.0,18.68,6.21,0.01,0.005,1.67,0.005,0.03,1.58,0.17,0.24,14.96,0.04,0.15,0.0,1
0.008,0.07,0.23,59.03,6.1,0.03,0.79,4.29,0.049,0.0,1.4,3.45,1.16,21.84,0.07,0.79,0.08,0
0.006,2.48,0.29,2.64,7.93,0.02,0.0,0.79,0.154,0.0,1.96,2.85,0.57,3.9,0.04,0.0,0.03,1
0.008,2.21,0.47,4.28,3.71,0.02,0.82,7.9,0.12,0.04,1.57,1.4,1.06,29.72,0.04,0.82,0.5,1
0.001,2.82,0.03,43.79,4.08,0.03,0.0,0.56,0.061,0.03,1.16,0.3,1.24,10.11,0.06,0.0,0.21,1
0.007,1.77,0.65,10.44,6.12,0.04,0.008,1.86,0.049,0.05,1.7,2.06,0.96,10.45,0.01,0.32,0.07,1
0.008,4.39,0.19,7.82,4.39,0.01,0.0,1.84,0.034,0.07,1.58,3.41,0.75,5.04,0.07,0.0,0.14,1
0.007,1.65,0.83,37.75,0.35,0.04,0.0,6.78,0.054,0.02,1.13,2.85,0.05,9.08,0.08,0.2,0.34,1
0.04,0.02,0.01,0.77,0.07,0.05,0.008,5.2,0.079,0.05,0.7,0.53,0.87,22.56,0.06,0.0,0.06,0
0.09,0.06,0.03,2.62,0.02,0.02,0.008,0.91,0.022,0.02,0.27,1.67,0.71,24.48,0.09,0.0,0.01,1
0.08,0.08,0.02,0.33,0.06,0.02,0.008,0.34,0.019,0.04,0.05,0.18,0.91,19.03,0.03,0.38,0.0,0
0.08,0.05,0.03,1.17,0.48,0.09,0.0,2.95,0.076,0.05,2.03,0.68,0.61,19.93,0.04,0.0,0.09,0
0.002,0.02,0.43,27.53,7.33,0.05,0.97,5.96,0.1,0.0,1.99,2.46,0.8,8.71,0.05,0.97,0.08,0
0.09,0.05,0.03,1.3,0.32,0.06,0.63,6.13,0.026,0.0,0.94,3.05,0.12,21.73,0.07,0.63,0.0,0
0.002,4.33,0.34,5.61,2.46,0.001,0.0,4.84,0.182,0.05,1.9,1.74,0.91,25.49,0.08,0.0,0.05,1
0.001,2.24,0.4,6.36,7.51,0.03,0.007,6.82,0.112,0.05,1.81,1.92,1.18,1.88,0.05,0.46,0.26,1
0.005,2.72,0.8,22.32,5.37,0.01,0.0,0.2,0.138,0.06,1.93,0.28,0.96,26.81,0.01,0.0,0.01,1
0.09,0.02,0.03,1.75,0.09,0.06,0.004,0.82,0.034,0.02,1.63,0.99,0.85,0.94,0.09,0.44,0.01,0
0.02,0.09,0.02,0.7,0.06,0.04,0.001,0.08,0.144,0.02,0.07,0.54,0.7,13.91,0.06,0.08,0.03,1
0.02,0.06,0.03,6.52,0.43,0.08,0.0,2.27,0.044,0.0,1.76,0.25,1.1,11.9,0.06,0.0,0.04,0
0.07,0.01,0.05,2.84,0.25,0.09,0.6,0.93,0.193,0.04,0.15,0.61,0.03,8.37,0.01,0.0,0.04,0
0.003,0.1,0.54,12.23,1.07,0.02,0.007,2.42,0.067,0.0,1.31,2.77,1.03,23.9,0.05,0.04,0.23,0
0.06,0.06,0.02,2.55,0.18,0.04,0.003,6.94,0.075,0.0,0.12,1.52,0.74,7.61,0.05,0.05,0.04,0
0.006,0.1,0.16,56.14,5.33,0.03,0.87,2.74,0.143,0.02,1.73,1.88,0.12,16.98,0.07,0.87,0.24,0
0.002,2.25,0.36,34.47,4.89,0.02,0.004,3.75,0.086,0.06,1.07,2.16,0.14,12.28,0.01,0.06,0.02,1
0.01,0.02,0.0,0.02,0.15,0.07,0.005,4.4,0.067,0.01,1.4,1.66,1.16,3.14,0.09,0.0,0.02,0
0.07,0.09,0.0,0.52,0.56,0.09,0.008,0.17,0.049,0.05,0.84,0.98,0.96,9.71,0.01,0.0,0.07,1
0.008,1.27,0.84,12.9,6.23,0.03,0.0,2.15,0.018,0.04,1.42,0.04,0.83,19.87,0.03,0.0,0.21,1
0.003,0.79,0.21,29.14,5.54,0.02,0.82,4.72,0.041,0.07,1.29,0.48,1.27,25.24,0.05,0.82,0.2,0
0.01,0.02,0.06,10.05,0.65,0.01,0.75,1.38,0.153,0.07,0.94,1.7,0.01,11.83,0.01,0.0,0.03,0
0.02,0.39,0.81,55.11,6.95,0.56,0.89,7.69,0.001,0.09,2.39,3.2,0.78,18.85,0.01,0.89,0.41,0
0.001,3.44,0.39,1.17,0.75,0.01,0.007,3.75,0.027,0.06,1.78,2.19,0.24,15.67,0.07,0.28,0.02,1
0.01,0.08,0.06,1.5,0.08,0.06,0.0,7.42,0.105,0.04,1.93,0.77,0.26,18.27,0.01,0.0,0.08,0
0.007,0.92,0.82,10.16,2.34,0.04,0.003,6.85,0.105,0.07,1.28,2.29,0.52,13.22,0.01,0.2,0.15,1
0.06,0.02,0.03,0.59,0.09,0.04,0.002,3.05,0.083,0.04,1.1,0.9,1.25,16.13,0.05,0.28,0.03,0
0.07,1.91,0.69,1.91,5.77,0.71,0.003,7.51,0.016,0.01,1.54,3.83,0.21,10.38,0.04,0.35,0.4,0
0.06,0.17,0.28,10.82,4.97,0.09,0.73,4.05,0.059,0.05,1.51,3.45,0.79,1.93,0.06,0.73,0.24,0
0.02,0.09,0.03,1.9,0.04,0.04,0.92,0.52,0.04,0.01,2.17,0.2,1.43,18.54,0.01,0.92,0.06,0
0.03,0.39,0.67,46.86,5.07,0.07,0.008,0.01,0.172,0.02,2.14,1.56,0.08,26.55,0.08,0.1,0.02,1
0.04,0.03,0.09,1.36,0.17,0.02,0.56,0.65,0.174,0.07,0.61,0.95,1.05,9.46,0.06,0.0,0.06,0
0.08,0.03,0.0,4.81,0.42,0.05,0.005,0.54,0.048,0.03,0.55,0.63,1.25,2.19,0.08,0.06,0.04,1
0.01,1.8,0.51,46.35,0.5,0.18,0.0,6.98,0.053,0.07,1.52,2.11,0.69,13.64,0.05,0.0,0.15,0
0.09,0.02,0.0,0.13,0.1,0.05,0.72,2.06,0.013,0.09,0.26,0.87,0.15,25.46,0.06,0.0,0.09,0
0.0,0.09,0.08,5.06,0.25,0.02,0.94,4.99,0.093,0.04,0.85,0.5,0.34,25.78,0.05,0.94,0.03,0
0.09,0.09,0.03,6.75,0.01,0.03,0.72,3.56,0.089,0.03,0.69,1.04,0.19,21.26,0.01,0.0,0.04,0
0.05,0.03,0.05,11.27,0.28,0.1,0.73,0.85,0.18,0.01,0.61,0.27,0.43,28.54,0.02,0.0,0.01,0
0.02,0.06,0.09,7.89,0.16,0.07,0.003,0.83,0.146,0.05,0.41,1.08,0.34,18.91,0.09,0.0,0.04,1
0.007,0.0,0.26,17.72,3.61,0.03,0.003,6.36,0.115,0.06,1.97,1.46,0.42,7.23,0.06,0.15,0.27,1
0.03,0.09,0.05,1.35,0.05,0.0,0.0,4.84,0.182,0.05,1.0,0.61,0.91,6.85,0.0,0.0,0.04,1
0.12,0.05,0.3,28.76,0.76,0.43,0.008,7.21,0.08,0.08,1.79,3.88,1.3,25.48,0.09,0.0,0.22,0
0.06,0.02,0.04,0.34,0.09,0.04,0.008,0.33,0.081,0.03,0.46,0.36,0.37,4.62,0.03,0.03,0.04,0
0.0,0.02,0.08,8.59,0.43,0.01,0.0,1.09,0.158,0.04,1.2,0.13,0.41,12.22,0.03,0.0,0.09,0
0.05,0.02,0.04,4.06,0.0,0.08,0.006,0.74,0.049,0.0,1.43,0.38,1.41,25.34,0.03,0.08,0.06,0
0.02,0.07,0.08,0.09,0.27,0.04,0.007,3.05,0.132,0.04,0.95,0.6,0.64,2.7,0.06,0.0,0.04,1
0.11,0.28,0.25,59.22,3.04,0.24,0.51,4.76,0.001,0.03,1.56,3.86,1.43,21.48,0.05,0.51,0.4,0
0.002,0.07,0.23,11.3,6.2,0.01,0.008,2.08,0.121,0.0,1.57,3.58,1.38,21.97,0.04,0.13,0.08,1
0.04,0.09,0.02,3.06,0.03,0.06,0.004,0.89,0.128,0.02,0.26,0.33,0.76,4.16,0.05,0.0,0.04,0
0.001,0.09,0.42,45.87,3.2,0.03,0.65,0.25,0.042,0.05,1.51,2.36,1.21,16.6,0.06,0.65,0.12,0
0.005,2.74,0.25,33.97,7.97,0.02,0.53,2.2,0.132,0.05,1.14,3.84,0.73,14.81,0.05,0.53,0.05,1
0.001,4.96,0.64,31.08,1.73,0.03,0.69,1.45,0.005,0.05,1.56,3.01,0.64,19.39,0.07,0.69,0.32,1
0.005,4.39,0.62,8.56,4.93,0.02,0.008,6.29,0.011,0.06,1.21,2.5,0.72,29.54,0.1,0.39,0.29,1
0.07,0.09,0.88,44.74,5.73,0.36,0.002,2.3,0.103,0.0,1.54,0.2,1.42,0.04,0.07,0.27,0.0,1
0.004,2.09,0.02,24.8,5.95,0.001,0.66,5.66,0.088,0.02,1.61,1.68,0.53,10.91,0.0,0.66,0.17,1
0.006,1.08,0.88,40.75,2.29,0.04,0.7,6.72,0.081,0.07,1.67,3.9,1.15,1.23,0.07,0.7,0.42,1
0.02,0.02,0.05,0.67,0.26,0.08,0.008,3.4,0.103,0.07,0.4,1.45,1.06,8.59,0.01,0.0,0.06,1
0.05,0.06,0.1,0.24,0.08,0.07,0.0,0.54,0.065,0.06,2.73,0.64,1.14,0.75,0.02,0.0,0.03,0
0.002,3.53,0.7,37.15,4.13,0.04,0.55,0.25,0.164,0.09,1.49,2.34,0.89,5.43,0.08,0.55,0.01,1
0.002,0.71,0.02,23.36,0.12,0.02,0.001,6.3,0.159,0.03,1.81,3.93,0.68,20.24,0.02,0.39,0.39,1
0.001,4.0,0.32,4.59,7.91,0.01,1.0,1.04,0.105,0.03,1.6,0.78,1.04,28.24,0.06,1.0,0.04,1
0.007,2.82,0.51,30.36,2.91,0.03,0.007,0.53,0.152,0.06,1.52,0.76,1.26,23.76,0.06,0.48,0.09,1
0.08,0.1,0.06,7.19,0.03,0.1,0.68,1.22,0.198,0.07,0.46,0.79,1.38,23.63,0.06,0.0,0.04,0
0.006,2.71,0.17,14.16,4.0,0.04,0.005,6.16,0.013,0.08,1.0,3.02,0.91,26.19,0.05,0.38,0.05,1
0.002,4.51,0.02,10.49,3.02,0.03,0.0,7.23,0.151,0.01,1.95,3.67,1.33,11.64,0.08,0.0,0.07,1
0.07,0.01,0.61,9.82,4.14,0.49,0.008,3.51,0.001,0.0,1.78,2.45,0.79,0.02,0.08,0.15,0.21,0
0.02,0.13,0.46,4.5,2.72,0.08,0.008,0.68,0.17,0.02,1.63,2.26,0.66,22.19,0.02,0.09,0.09,1
0.1,0.04,0.09,0.09,0.1,0.04,0.005,1.79,0.084,0.01,0.09,0.46,1.09,20.35,0.06,0.34,0.01,0
0.06,0.1,0.08,11.65,0.12,0.02,0.003,0.31,0.057,0.08,0.57,0.4,0.52,23.25,0.07,0.0,0.01,0
0.004,3.01,0.04,43.22,4.78,0.04,0.005,3.1,0.013,0.01,1.55,0.31,0.2,1.94,0.01,0.45,0.01,1
0.06,0.08,0.01,3.8,0.15,0.03,0.0,4.27,0.169,0.03,1.82,0.77,0.05,1.68,0.09,0.0,0.06,0
0.001,1.69,0.73,31.48,1.01,0.04,0.0,4.79,0.061,0.02,1.37,1.24,0.33,7.18,0.01,0.0,0.24,1
0.001,4.39,0.58,28.11,0.46,0.01,0.0,4.04,0.102,0.03,1.57,1.79,0.05,1.13,0.03,0.0,0.25,1
0.002,2.17,0.76,10.72,4.42,0.01,0.005,0.77,0.037,0.01,1.78,1.93,0.82,8.76,0.0,0.11,0.33,1
0.001,1.77,0.49,3.49,7.18,0.02,0.002,5.83,0.09,0.04,1.72,3.79,0.4,20.46,0.1,0.25,0.24,1
0.07,0.09,0.82,38.62,8.12,0.84,0.77,1.53,0.112,0.06,1.36,3.05,1.2,20.71,0.01,0.77,0.27,0
0.05,0.04,0.09,6.08,0.46,0.05,0.0,1.62,0.004,0.02,0.63,0.65,1.5,19.76,0.09,0.0,0.06,1
0.006,2.36,0.6,15.06,4.47,0.04,0.0,6.35,0.097,0.08,1.34,3.1,0.28,13.67,0.03,0.0,0.29,1
0.006,0.39,0.65,25.23,7.44,0.05,0.75,2.86,0.153,0.07,1.99,3.75,0.01,12.69,0.01,0.75,0.23,1
0.005,4.49,0.32,36.52,4.55,0.05,0.002,6.15,0.135,0.04,1.43,1.87,0.55,4.07,0.04,0.3,0.16,1
0.008,3.36,0.71,29.4,7.58,0.001,0.92,7.19,0.057,0.0,1.28,0.16,0.73,14.44,0.09,0.92,0.2,1
0.006,1.86,0.85,21.46,5.83,0.03,0.003,5.19,0.051,0.08,1.26,0.62,0.97,24.86,0.04,0.49,0.08,1
0.003,0.6,0.44,37.48,3.84,0.01,0.0,1.34,0.128,0.07,1.67,2.56,0.45,24.21,0.01,0.0,0.13,1
0.01,0.09,0.03,7.4,0.02,0.02,0.62,0.52,0.147,0.02,0.68,0.89,0.48,22.05,0.1,0.0,0.09,0
0.002,1.55,0.16,21.94,7.83,0.01,0.52,6.38,0.103,0.0,1.89,3.27,1.07,16.16,0.01,0.52,0.27,1
0.05,0.09,0.06,8.51,0.24,0.03,0.0,0.81,0.02,0.08,0.27,0.6,1.02,27.17,0.07,0.0,0.01,0
0.001,0.24,0.73,39.12,2.59,0.01,0.57,0.43,0.19,0.09,1.81,1.09,0.65,14.45,0.03,0.57,0.39,1
0.08,0.1,0.05,0.46,0.12,0.07,0.0,2.17,0.028,0.09,1.78,0.93,0.72,0.34,0.01,0.28,0.0,0
0.007,3.52,0.32,22.9,1.33,0.04,0.009,4.23,0.023,0.04,1.37,2.46,0.26,2.07,0.06,0.28,0.03,1
0.002,3.67,0.1,12.9,5.4,0.02,0.53,5.69,0.075,0.09,1.01,2.78,0.37,9.92,0.05,0.53,0.38,1
0.03,0.04,0.04,6.15,0.04,0.02,0.008,3.71,0.169,0.01,1.86,0.67,0.13,20.68,0.08,0.43,0.01,0
0.001,1.08,0.54,7.3,2.41,0.02,0.9,2.55,0.024,0.02,1.29,0.35,0.87,14.67,0.06,0.9,0.17,1
0.08,3.69,0.82,19.25,5.65,0.13,0.84,4.18,0.11,0.06,1.64,1.75,0.04,2.23,0.09,0.84,0.07,0
0.003,4.69,0.26,42.56,1.78,0.02,0.0,5.83,0.184,0.07,1.74,2.36,0.08,8.04,0.01,0.0,0.48,1
0.01,0.06,0.08,1.74,0.07,0.03,0.74,0.74,0.197,0.07,1.23,0.73,0.82,26.04,0.1,0.74,0.04,0
0.05,0.08,0.6,28.08,4.26,0.13,0.006,5.06,0.061,0.04,1.57,2.89,0.03,11.37,0.09,0.18,0.22,0
0.13,1.8,0.86,57.2,1.63,0.1,0.61,6.26,0.008,0.06,1.95,4.06,0.59,0.59,0.08,0.61,0.2,0
0.001,1.37,0.09,13.29,5.88,0.02,0.002,4.08,0.148,0.01,1.04,0.75,0.8,6.4,0.06,0.37,0.05,1
0.08,0.02,0.02,0.05,0.27,0.01,0.62,2.18,0.177,0.07,0.17,0.03,0.82,11.97,0.07,0.0,0.07,0
0.0,0.02,0.07,1.65,0.41,0.1,0.0,0.28,0.122,0.01,1.86,0.27,0.79,2.14,0.07,0.0,0.06,0
0.07,0.1,0.08,6.04,0.16,0.03,0.95,2.78,0.014,0.04,0.99,0.22,0.9,9.85,0.1,0.0,0.04,0
0.01,0.01,0.52,14.92,4.63,0.53,0.86,7.82,0.001,0.01,2.89,2.28,0.35,23.13,0.03,0.86,0.4,0
0.009,2.91,0.77,22.24,0.48,0.02,0.71,7.23,0.005,0.0,1.56,0.93,0.57,7.46,0.09,0.71,0.2,1
0.001,3.85,0.82,7.88,4.85,0.03,0.67,0.14,0.067,0.07,1.55,2.75,0.41,16.61,0.04,0.67,0.49,1
0.005,3.27,0.23,8.3,4.57,0.01,0.008,0.34,0.092,0.0,1.76,0.47,0.68,7.34,0.06,0.05,0.34,1
0.004,0.35,0.51,11.39,4.57,0.02,0.89,1.36,0.142,0.08,1.31,0.25,1.1,21.29,0.0,0.89,0.41,1
0.03,0.08,0.61,46.9,0.96,0.71,0.006,0.5,0.107,0.0,1.3,0.9,0.42,26.75,0.04,0.44,0.35,0
0.001,3.31,0.73,39.4,7.22,0.03,0.007,0.49,0.109,0.05,1.07,0.46,1.0,22.07,0.04,0.25,0.47,1
0.06,0.01,0.04,8.65,0.26,0.07,0.0,4.98,0.088,0.05,1.12,0.74,1.29,3.25,0.09,0.0,0.06,0
0.005,0.49,0.65,18.2,2.11,0.04,0.002,2.12,0.136,0.02,1.1,0.26,0.44,28.18,0.09,0.31,0.37,1
0.005,0.08,0.8,22.76,3.95,0.02,0.001,6.66,0.05,0.0,1.28,1.82,0.48,1.34,0.09,0.33,0.16,0
0.06,0.07,0.08,24.18,5.23,0.28,0.001,2.73,0.067,0.0,1.75,2.07,0.03,21.65,0.03,0.17,0.19,0
0.005,3.25,0.8,20.86,2.16,0.01,0.003,1.25,0.116,0.06,1.76,2.49,1.34,3.51,0.08,0.28,0.27,1
0.07,0.06,0.06,0.65,0.06,0.09,0.83,1.67,0.079,0.08,0.44,0.44,0.33,14.46,0.08,0.0,0.01,0
0.007,0.29,0.87,26.27,6.13,0.02,0.79,1.89,0.085,0.08,1.47,2.64,0.37,23.74,0.06,0.79,0.13,1
0.005,0.25,0.85,7.01,5.21,0.01,0.004,4.94,0.15,0.04,1.63,0.88,0.69,22.87,0.02,0.01,0.41,1
0.009,1.75,0.86,25.03,1.55,0.04,0.0,6.26,0.008,0.06,1.61,3.41,0.59,0.69,0.08,0.0,0.2,1
0.12,0.14,0.68,50.4,1.4,0.23,0.003,7.3,0.075,0.04,1.46,3.25,0.49,22.47,0.08,0.11,0.04,0
0.008,4.21,0.03,1.02,2.26,0.01,0.005,7.9,0.044,0.03,1.8,3.94,0.5,17.84,0.04,0.28,0.28,1
0.08,4.47,0.63,47.49,0.85,0.74,0.0,1.83,0.042,0.02,2.07,0.92,1.37,23.41,0.07,0.0,0.03,1
0.001,2.74,0.57,24.43,1.35,0.02,0.0,1.42,0.118,0.07,1.76,1.4,1.39,16.69,0.04,0.0,0.05,1
0.001,3.79,0.03,37.64,6.81,0.01,0.61,6.56,0.059,0.05,1.91,2.9,0.21,17.82,0.1,0.61,0.06,0
0.001,4.74,0.82,28.2,2.55,0.02,0.006,7.31,0.072,0.06,1.27,1.6,0.92,18.82,0.06,0.14,0.42,1
0.08,4.76,0.82,11.06,1.66,0.61,0.002,2.54,0.01,0.07,1.64,3.94,1.29,26.3,0.08,0.0,0.44,0
0.06,0.07,0.08,0.98,0.25,0.02,0.97,4.86,0.1,0.0,0.67,0.81,0.8,8.09,0.05,0.0,0.01,0
0.005,0.01,0.13,13.59,2.71,0.001,0.5,4.78,0.194,0.02,1.49,1.6,1.1,14.2,0.05,0.5,0.05,1
0.002,3.72,0.71,14.97,1.96,0.04,0.0,0.6,0.019,0.03,1.8,1.24,0.54,2.48,0.09,0.0,0.13,1
0.004,0.08,0.54,23.58,0.0,0.03,0.001,7.03,0.124,0.0,1.1,2.54,0.54,15.18,0.03,0.31,0.08,0
0.001,4.77,0.3,15.47,2.4,0.02,0.97,4.89,0.086,0.01,1.11,2.09,1.34,23.72,0.04,0.97,0.21,1
0.08,0.0,0.04,5.81,0.01,0.06,0.001,0.38,0.117,0.02,1.3,0.89,0.61,23.32,0.02,0.13,0.09,0
0.02,3.81,0.11,33.04,1.19,0.82,0.5,5.52,0.038,0.09,1.37,3.99,1.06,23.79,0.06,0.5,0.42,0
0.008,1.19,0.18,38.31,0.13,0.01,0.004,5.41,0.162,0.0,1.36,0.75,0.3,25.95,0.01,0.18,0.32,1
0.09,0.0,0.04,4.74,0.05,0.06,0.008,0.4,0.049,0.05,0.45,0.09,0.96,10.19,0.01,0.0,0.02,1
0.003,0.08,0.63,36.15,0.54,0.04,0.008,1.83,0.042,0.02,1.95,0.82,1.37,23.51,0.07,0.09,0.03,1
0.05,0.07,0.08,4.12,0.3,0.01,0.007,1.05,0.146,0.01,0.27,0.49,0.52,14.0,0.07,0.0,0.01,1
0.005,1.39,0.24,55.57,6.77,0.05,0.89,3.62,0.12,0.03,1.12,3.96,0.35,19.96,0.07,0.89,0.23,0
0.008,3.63,0.16,39.03,7.02,0.03,0.69,6.3,0.104,0.08,1.31,3.45,0.2,27.81,0.03,0.69,0.25,0
0.002,2.67,0.75,42.42,3.82,0.04,0.0,5.34,0.04,0.06,1.65,3.38,0.18,7.23,0.04,0.0,0.03,1
0.006,0.47,0.05,23.76,5.09,0.04,0.0,2.12,0.108,0.01,1.84,1.25,1.29,28.38,0.07,0.0,0.07,1
0.006,1.32,0.38,26.53,3.98,0.02,0.0,4.07,0.184,0.08,1.21,0.96,0.92,0.71,0.04,0.0,0.11,1
0.01,0.02,0.05,0.17,0.51,0.06,0.63,0.34,0.122,0.01,1.72,0.58,0.79,2.56,0.07,0.63,0.02,0
0.005,2.35,0.47,25.81,7.24,0.03,0.004,0.45,0.093,0.05,1.0,1.13,0.82,6.92,0.03,0.29,0.3,1
0.004,0.03,0.48,15.5,7.49,0.04,0.0,4.59,0.072,0.06,1.18,3.3,0.88,9.43,0.1,0.0,0.39,1
0.06,0.03,0.05,0.3,0.35,0.07,0.002,5.4,0.125,0.04,1.22,0.12,0.4,7.75,0.01,0.02,0.08,0
0.03,3.77,0.48,38.67,3.17,0.54,0.008,3.92,0.056,0.02,1.75,1.99,1.2,9.64,0.06,0.0,0.1,1
0.08,0.03,0.0,3.76,0.01,0.09,0.003,0.8,0.139,0.08,0.32,2.11,0.63,0.75,0.1,0.44,0.04,0
0.05,0.07,0.41,55.99,4.78,0.71,0.5,3.48,0.18,0.02,2.09,3.12,0.33,27.55,0.0,0.5,0.42,0
0.001,4.75,0.35,9.56,6.36,0.04,0.0,7.9,0.126,0.06,1.22,2.4,0.54,14.91,0.02,0.0,0.17,1
0.05,0.09,0.01,7.56,0.09,0.03,0.003,0.32,0.135,0.02,2.0,3.87,0.25,5.45,0.09,0.04,0.08,0
0.008,1.92,0.42,24.53,1.58,0.05,0.0,2.88,0.103,0.0,1.7,0.39,1.07,23.86,0.03,0.19,0.46,1
0.03,0.06,0.23,8.68,6.25,0.46,0.79,4.29,0.049,0.0,1.46,3.7,1.16,21.74,0.07,0.79,0.08,1
0.09,4.62,0.39,11.62,5.45,0.41,0.76,6.31,0.022,0.06,2.05,2.85,0.3,17.24,0.09,0.76,0.35,0
0.008,0.44,0.38,12.7,4.37,0.01,0.0,3.56,0.053,0.05,1.65,0.06,0.78,1.84,0.01,0.0,0.33,1
0.008,0.01,0.82,49.56,2.88,0.02,0.009,4.35,0.111,0.03,1.07,1.99,0.05,17.88,0.05,0.45,0.38,0
0.006,0.28,0.2,45.83,3.65,0.04,0.94,4.64,0.049,0.02,1.77,2.68,0.13,17.23,0.04,0.94,0.05,1
0.0,0.04,0.09,7.13,0.18,0.09,0.003,2.36,0.02,0.07,0.48,1.04,1.49,12.51,0.04,0.0,0.04,0
0.008,1.92,0.16,15.3,1.87,0.03,0.76,4.8,0.198,0.02,1.33,1.11,0.04,19.73,0.06,0.76,0.41,1
0.003,3.52,0.54,12.23,1.07,0.02,0.0,2.42,0.067,0.0,1.31,2.77,1.03,23.9,0.05,0.0,0.23,1
0.002,1.35,0.76,21.52,0.1,0.04,0.52,1.3,0.011,0.08,1.49,0.84,0.58,21.96,0.08,0.52,0.48,1
0.009,4.5,0.59,15.98,3.61,0.02,0.52,4.47,0.197,0.08,1.45,1.72,0.28,14.44,0.06,0.52,0.02,1
0.0,0.09,0.04,12.29,0.45,0.04,0.97,0.69,0.017,0.06,0.2,0.51,0.63,28.54,0.04,0.0,0.0,0
0.006,4.27,0.21,14.92,6.5,0.04,0.0,5.87,0.145,0.07,1.57,2.91,0.82,5.39,0.02,0.0,0.21,1
0.0,0.07,0.04,5.09,0.03,0.0,0.006,1.69,0.176,0.05,1.15,0.42,1.39,11.01,0.03,0.07,0.07,0
0.07,4.62,0.65,19.94,3.08,0.23,0.97,1.27,0.163,0.06,1.24,1.16,0.49,22.86,0.01,0.97,0.15,0
0.001,0.38,0.04,41.93,1.64,0.04,0.005,3.5,0.141,0.09,1.78,1.05,0.47,3.92,0.01,0.28,0.47,0
0.006,2.24,0.64,12.64,5.6,0.03,0.0,4.39,0.174,0.07,1.79,0.18,1.05,9.56,0.06,0.0,0.34,1
0.1,0.02,0.01,4.36,0.13,0.05,0.009,3.68,0.046,0.0,1.37,0.2,1.31,6.16,0.02,0.15,0.01,0
0.008,3.89,0.04,51.76,1.26,0.01,0.003,0.99,0.062,0.08,1.98,2.28,0.77,1.05,0.08,0.24,0.49,1
0.004,2.56,0.33,15.96,5.48,0.03,0.74,7.08,0.119,0.01,1.94,2.16,1.41,28.59,0.06,0.74,0.14,1
0.1,1.97,0.02,56.51,1.31,0.53,0.83,4.18,0.079,0.08,1.67,1.87,0.33,14.84,0.08,0.0,0.18,0
0.03,0.04,0.02,0.43,0.08,0.06,0.002,0.12,0.089,0.05,0.63,1.79,0.04,11.47,0.06,0.0,0.04,1
0.003,3.6,0.08,32.55,1.44,0.03,0.008,5.78,0.011,0.07,1.8,1.92,0.65,8.24,0.08,0.39,0.04,1
0.01,0.06,0.05,6.18,0.2,0.03,0.007,1.7,0.033,0.05,0.55,0.48,0.43,27.63,0.01,0.0,0.0,1
0.09,0.02,0.1,3.38,0.04,0.02,0.002,0.17,0.197,0.03,0.62,0.42,1.37,27.44,0.09,0.31,0.06,0
0.12,2.13,0.52,51.78,1.3,0.76,0.61,0.05,0.04,0.02,1.88,2.6,0.59,25.11,0.03,0.0,0.05,1
0.07,0.05,0.06,1.5,0.08,0.06,0.65,1.6,0.1,0.05,0.83,1.26,0.9,20.99,0.08,0.65,0.07,0
0.007,3.18,0.31,49.72,6.3,0.04,0.002,5.19,0.132,0.02,1.09,0.79,0.96,19.59,0.02,0.14,0.0,0
0.04,0.09,0.02,0.99,0.18,0.1,0.65,3.2,0.168,0.0,0.39,0.57,0.84,24.77,0.05,0.65,0.08,0
0.01,0.06,0.04,0.21,0.09,0.05,0.0,2.25,0.17,0.06,1.93,3.01,0.31,0.97,0.04,0.0,0.09,0
0.002,0.93,0.88,28.71,5.34,0.05,0.83,0.9,0.184,0.07,1.52,3.52,1.05,20.28,0.07,0.83,0.04,1
0.001,0.06,0.36,32.15,4.16,0.03,0.55,7.43,0.093,0.05,1.78,3.01,0.74,16.45,0.09,0.55,0.09,0
0.001,1.79,0.14,28.26,7.99,0.03,0.64,7.43,0.096,0.04,1.38,0.34,0.25,15.41,0.06,0.64,0.08,1
0.001,1.41,0.12,36.39,5.79,0.02,0.0,4.33,0.16,0.07,1.37,3.34,0.33,3.42,0.02,0.0,0.39,1
0.007,2.99,0.72,34.97,0.67,0.03,0.72,6.83,0.089,0.03,1.12,3.04,0.19,21.68,0.01,0.72,0.25,1
0.007,4.39,0.19,33.56,3.99,0.03,0.85,1.46,0.005,0.08,1.2,0.54,1.16,15.46,0.09,0.85,0.23,1
0.06,0.02,0.08,5.0,0.06,0.01,0.005,0.66,0.049,0.04,1.96,0.37,0.45,12.91,0.09,0.03,0.08,0
0.07,4.81,0.58,39.46,6.53,0.77,0.52,0.82,0.176,0.08,1.85,2.07,1.22,20.5,0.01,0.52,0.47,0
0.03,0.0,0.09,9.71,0.47,0.06,0.002,0.84,0.065,0.06,0.39,0.39,1.14,0.42,0.02,0.0,0.02,1
0.07,0.07,0.08,3.05,0.02,0.04,0.0,4.51,0.011,0.07,1.81,0.26,0.94,16.55,0.0,0.92,0.03,0
0.05,0.02,0.09,1.64,0.06,0.04,0.008,1.58,0.108,0.08,0.9,0.33,1.4,27.85,0.02,0.0,0.01,1
0.06,0.57,0.11,26.29,7.36,0.29,0.003,5.65,0.076,0.05,1.36,2.16,1.05,0.3,0.07,0.38,0.38,0
0.004,0.05,0.04,43.22,4.78,0.04,0.005,3.1,0.013,0.01,1.55,0.31,0.2,1.94,0.01,0.45,0.01,1
0.003,2.56,0.03,42.15,3.42,0.04,0.001,4.39,0.108,0.07,1.58,3.45,1.12,1.36,0.02,0.1,0.11,1
0.001,0.05,0.03,43.79,4.08,0.03,0.6,0.56,0.061,0.03,1.16,0.3,1.24,10.11,0.06,0.6,0.21,0
0.06,0.06,0.07,1.03,0.2,0.06,0.008,0.99,0.088,0.02,1.99,0.12,0.82,19.75,0.05,0.48,0.0,0
0.006,2.8,0.29,24.98,3.67,0.04,0.005,0.74,0.012,0.08,1.02,0.12,0.27,23.13,0.07,0.2,0.45,1
0.06,4.41,0.87,52.31,7.12,0.87,0.001,0.99,0.137,0.05,1.66,2.09,0.03,9.74,0.0,0.0,0.07,0
0.09,0.03,0.07,3.18,0.33,0.05,0.75,0.69,0.153,0.07,1.99,0.58,0.01,11.87,0.01,0.75,0.06,0
0.09,0.1,0.1,6.56,0.27,0.03,0.007,1.59,0.033,0.05,0.34,0.76,0.43,27.79,0.01,0.0,0.09,1
0.06,0.03,0.55,19.07,7.33,0.23,0.008,5.57,0.001,0.05,2.01,1.9,0.59,27.61,0.04,0.18,0.03,0
0.08,0.09,0.06,2.22,0.4,0.1,0.009,0.33,0.137,0.02,0.19,0.03,1.03,23.35,0.06,0.0,0.07,0
0.005,2.01,0.52,10.95,4.56,0.04,0.003,5.13,0.129,0.08,1.14,1.78,1.3,3.43,0.07,0.12,0.44,1
0.001,0.11,0.21,14.71,6.99,0.04,0.63,4.66,0.122,0.01,1.72,0.66,0.79,3.54,0.07,0.63,0.28,1
0.002,1.65,0.82,38.27,3.42,0.04,0.63,5.9,0.124,0.02,1.61,0.72,0.45,4.96,0.05,0.63,0.45,1
0.06,0.08,0.09,0.15,0.14,0.08,0.55,0.7,0.073,0.04,0.68,0.3,1.4,20.47,0.04,0.0,0.1,0
0.006,0.25,0.86,19.09,3.25,0.03,0.008,4.23,0.03,0.04,1.68,3.15,0.59,2.5,0.08,0.25,0.39,0
0.0,0.02,0.08,0.62,0.07,0.05,0.62,0.45,0.024,0.03,1.58,1.38,0.03,9.0,0.02,0.62,0.03,0
0.08,2.83,0.32,58.03,3.14,0.64,0.009,6.05,0.001,0.08,1.82,3.0,1.16,26.13,0.07,0.0,0.36,0
0.002,4.96,0.01,21.71,6.39,0.02,0.0,0.22,0.174,0.09,1.1,3.7,1.14,5.38,0.04,0.0,0.06,1
0.001,3.77,0.79,40.75,2.34,0.04,0.0,4.73,0.155,0.09,1.86,3.51,0.73,17.25,0.07,0.0,0.49,0
0.008,4.56,0.12,31.89,1.33,0.03,0.0,1.2,0.149,0.07,1.6,3.44,1.04,26.79,0.02,0.0,0.4,0
0.001,0.73,0.71,33.58,5.92,0.04,0.004,3.57,0.011,0.05,1.29,2.93,0.95,22.36,0.03,0.19,0.01,0
0.05,0.01,0.04,0.84,0.53,0.05,0.004,0.36,0.099,0.09,1.89,0.35,1.07,0.76,0.09,0.35,0.06,0
0.06,0.05,0.06,0.75,0.35,0.05,0.66,1.88,0.124,0.02,1.47,1.22,0.17,8.05,0.07,0.66,0.02,0
0.03,0.02,0.03,1.55,0.05,0.1,0.72,1.4,0.089,0.03,1.6,0.82,0.19,10.57,0.01,0.72,0.03,0
0.07,0.04,0.04,0.49,0.14,0.04,0.0,2.37,0.044,0.03,1.9,1.0,0.1,20.87,0.04,0.0,0.09,0
0.001,3.79,0.6,19.26,3.96,0.04,0.001,4.13,0.165,0.01,1.21,3.89,0.84,19.33,0.01,0.15,0.48,1
0.11,2.82,0.54,29.2,5.79,0.47,0.94,4.31,0.006,0.01,2.04,1.55,0.56,-0.01,0.01,0.0,0.06,1
0.01,0.01,0.04,0.04,0.2,0.06,0.003,0.98,0.051,0.08,0.83,0.46,0.97,24.68,0.04,0.0,0.03,1
0.001,0.65,0.37,16.85,5.17,0.001,0.005,0.67,0.156,0.06,1.22,3.72,1.39,13.96,0.03,0.3,0.21,1
0.05,0.1,0.06,0.21,0.72,0.08,0.003,0.92,0.092,0.07,0.2,0.64,1.44,17.04,0.02,0.0,0.04,1
0.008,0.1,0.65,44.03,2.58,0.04,0.98,6.19,0.191,0.07,1.05,3.57,1.16,28.24,0.03,0.98,0.17,0
0.006,2.2,0.85,25.43,0.76,0.04,0.58,0.59,0.154,0.04,1.79,1.37,1.47,8.07,0.0,0.58,0.33,1
0.006,2.45,0.24,37.13,0.71,0.001,0.6,6.87,0.072,0.0,1.12,1.86,0.83,4.24,0.06,0.6,0.3,1
0.007,2.65,0.82,9.72,4.08,0.001,0.53,0.23,0.057,0.01,1.35,2.26,1.27,14.39,0.07,0.53,0.42,1
0.03,0.03,0.51,45.08,8.33,0.26,0.001,0.0,0.165,0.06,1.97,1.32,0.46,3.24,0.05,0.22,0.04,0
0.08,0.05,0.01,7.39,0.7,0.05,0.003,0.08,0.092,0.07,0.89,0.77,1.44,16.94,0.02,0.0,0.08,1
0.03,0.0,0.06,4.61,0.32,0.0,0.005,0.08,0.147,0.0,0.68,0.57,0.54,17.02,0.0,0.0,0.03,1
0.002,3.2,0.45,25.84,4.24,0.01,0.0,6.28,0.007,0.08,1.3,3.25,1.05,1.54,0.01,0.0,0.42,1
0.008,3.73,0.69,40.92,1.87,0.04,0.66,6.53,0.099,0.09,1.67,0.17,0.75,4.69,0.02,0.66,0.07,1
0.004,0.07,0.08,2.59,2.14,0.01,0.7,4.98,0.018,0.01,1.7,0.18,0.92,26.26,0.03,0.7,0.3,0
0.005,0.91,0.04,11.52,4.79,0.01,0.0,6.12,0.015,0.04,1.46,1.03,0.07,8.09,0.03,0.0,0.36,1
0.001,0.57,0.63,16.39,7.02,0.04,0.75,6.81,0.166,0.07,1.66,1.81,1.43,12.12,0.08,0.75,0.49,1
0.001,1.09,0.85,44.66,1.26,0.01,0.007,2.67,0.141,0.08,1.43,2.16,1.04,28.84,0.05,0.08,0.35,0
0.07,0.08,0.07,4.17,0.07,0.03,0.002,0.79,0.123,0.06,0.16,0.63,0.04,0.57,0.07,0.0,0.0,0
0.04,0.04,0.49,38.73,6.52,0.25,0.58,5.8,0.093,0.05,1.47,1.85,0.9,8.53,0.05,0.58,0.24,0
0.05,0.06,0.06,2.93,0.02,0.05,0.0,1.84,0.113,0.0,1.62,0.15,0.33,0.35,0.02,0.0,0.07,0
0.05,0.0,0.1,1.44,0.02,0.01,0.66,5.38,0.144,0.05,1.63,0.1,0.14,21.07,0.02,0.66,0.06,0
0.02,0.05,0.06,0.23,0.49,0.04,0.009,3.55,0.156,0.02,0.23,0.21,0.99,17.54,0.01,0.05,0.04,0
0.006,0.08,0.53,42.43,1.8,0.01,0.003,1.67,0.079,0.09,1.8,3.38,1.26,6.58,0.01,0.03,0.12,0
0.07,0.06,0.29,14.0,8.13,0.37,0.64,0.79,0.154,0.0,2.08,3.55,0.57,3.8,0.04,0.64,0.03,1
0.002,0.01,0.48,36.49,2.83,0.001,0.008,3.92,0.056,0.02,1.34,1.34,1.2,9.74,0.06,0.36,0.1,1
0.005,3.03,0.41,48.78,7.81,0.01,0.52,2.95,0.095,0.02,1.74,3.92,0.61,13.84,0.01,0.52,0.12,0
0.05,0.09,0.06,5.76,0.0,0.01,0.83,5.58,0.105,0.05,0.51,0.4,1.21,17.87,0.04,0.0,0.03,0
0.02,2.72,0.31,54.41,3.16,0.05,0.0,6.11,0.105,0.05,2.36,1.01,1.21,18.69,0.04,0.0,0.34,0
0.01,0.09,0.06,0.81,0.04,0.09,0.69,0.96,0.121,0.03,0.92,0.13,1.15,14.47,0.1,0.0,0.02,0
0.005,2.39,0.23,21.22,0.98,0.02,0.98,3.24,0.156,0.0,1.09,1.14,0.37,14.48,0.05,0.98,0.44,1
0.04,4.95,0.2,8.79,0.4,0.4,0.61,3.55,0.127,0.03,2.22,4.29,0.24,10.96,0.07,0.61,0.04,1
0.002,2.59,0.07,46.13,6.45,0.001,0.79,2.35,0.118,0.06,1.97,1.99,1.5,5.8,0.01,0.79,0.31,0
0.007,4.35,0.02,22.42,3.21,0.02,0.0,4.13,0.008,0.04,1.98,1.92,0.74,0.13,0.0,0.0,0.06,1
0.004,3.37,0.68,19.33,1.36,0.05,0.003,1.31,0.102,0.04,1.48,2.36,1.4,18.41,0.01,0.28,0.18,1
0.11,0.08,0.7,15.35,0.37,0.51,0.004,5.87,0.128,0.02,1.59,0.51,0.76,5.04,0.05,0.23,0.3,0
0.08,0.05,0.06,5.61,0.44,0.09,0.78,3.29,0.163,0.08,1.75,0.73,0.76,21.4,0.03,0.78,0.02,0
0.009,1.28,0.03,9.13,7.85,0.04,0.54,1.6,0.048,0.05,1.83,1.01,0.66,27.62,0.02,0.54,0.21,1
0.13,2.46,0.73,19.52,6.3,1.02,0.88,3.24,0.183,0.07,2.05,3.6,0.27,23.16,0.06,0.88,0.09,0
0.12,1.6,0.03,11.71,7.76,0.2,0.005,2.42,0.033,0.02,1.94,3.41,1.38,11.2,0.09,0.26,0.26,0
0.05,0.09,0.03,4.55,0.08,0.01,0.002,1.0,0.071,0.02,1.71,0.38,1.02,9.66,0.04,0.39,0.08,0
0.007,3.59,0.24,27.6,4.84,0.01,0.005,0.41,0.049,0.04,1.96,0.43,0.45,13.81,0.09,0.03,0.39,1
0.003,2.33,0.51,31.59,2.01,0.01,0.001,4.31,0.072,0.08,1.24,1.78,0.74,16.23,0.09,0.48,0.28,1
0.12,1.9,0.78,0.37,7.75,0.94,0.004,7.97,0.055,0.05,2.0,2.85,0.03,26.84,0.09,0.23,0.21,0
0.006,1.55,0.85,25.24,0.21,0.01,0.53,6.53,0.183,0.05,1.21,1.19,0.34,0.03,0.07,0.53,0.27,1
0.01,0.01,0.09,8.59,0.03,0.07,0.76,3.48,0.11,0.04,1.68,0.97,0.66,20.84,0.08,0.76,0.06,0
0.09,0.08,0.07,7.38,0.03,0.06,0.0,0.62,0.16,0.08,1.25,1.37,1.26,0.28,0.01,0.0,0.06,0
0.007,0.95,0.82,47.65,4.9,0.01,0.0,3.18,0.126,0.08,1.6,2.8,0.33,29.47,0.05,0.17,0.12,0
0.01,3.77,0.71,48.82,2.13,0.28,0.005,0.6,0.019,0.03,1.85,1.71,0.54,2.38,0.09,0.11,0.13,0
0.008,1.44,0.13,48.1,3.49,0.03,0.004,5.64,0.105,0.08,1.11,2.83,0.46,3.07,0.09,0.37,0.15,1
0.001,0.53,0.26,29.27,1.51,0.001,0.002,5.69,0.165,0.06,1.07,2.19,0.99,4.86,0.02,0.42,0.28,1
0.06,0.04,0.08,0.56,0.06,0.1,0.94,0.48,0.166,0.07,0.37,0.77,1.4,15.11,0.09,0.94,0.05,0
0.12,0.78,0.16,0.8,5.44,0.21,0.87,2.74,0.143,0.02,2.32,2.12,0.12,16.88,0.07,0.87,0.24,0
0.005,2.04,0.7,24.13,5.98,0.03,0.94,0.85,0.128,0.03,1.54,1.79,1.36,22.26,0.07,0.94,0.36,1
0.003,1.01,0.3,24.1,6.76,0.02,0.0,3.17,0.097,0.05,1.56,1.83,0.21,12.52,0.05,0.0,0.26,1
0.07,0.08,0.04,3.43,0.08,0.06,0.0,0.68,0.152,0.05,1.46,0.38,1.43,12.69,0.05,0.0,0.03,0
0.005,1.48,0.27,11.97,1.81,0.05,0.008,4.29,0.189,0.08,1.12,3.75,0.06,28.35,0.07,0.12,0.31,1
0.04,0.08,0.05,5.61,0.01,0.0,0.0,3.97,0.015,0.0,0.46,0.17,1.01,11.68,0.01,0.0,0.02,1
0.001,3.25,0.76,9.55,5.1,0.04,0.002,0.38,0.177,0.03,1.24,0.63,0.89,10.69,0.01,0.21,0.22,1
0.007,4.79,0.58,16.55,5.42,0.02,0.69,2.83,0.111,0.03,1.27,3.01,0.51,12.45,0.03,0.69,0.22,1
0.004,0.93,0.77,12.94,1.42,0.02,0.84,3.92,0.14,0.05,1.4,0.87,1.45,11.63,0.04,0.84,0.03,1
0.04,0.04,0.08,9.31,0.06,0.08,0.56,0.43,0.026,0.08,1.77,1.12,1.29,0.29,0.02,0.56,0.1,0
0.006,3.94,0.08,6.89,5.65,0.04,0.71,2.9,0.061,0.03,1.04,2.9,1.43,21.58,0.05,0.71,0.46,1
0.09,0.09,0.05,2.5,0.07,0.05,0.0,7.9,0.188,0.08,1.82,0.37,0.53,2.12,0.07,0.0,0.02,0
0.005,0.39,0.15,36.04,4.02,0.02,0.005,2.6,0.108,0.01,1.58,1.99,0.68,1.34,0.04,0.42,0.2,1
0.1,2.83,0.45,51.46,6.53,0.84,0.001,7.36,0.186,0.08,1.37,2.01,0.8,13.74,0.08,0.0,0.09,0
0.001,1.36,0.03,9.12,7.23,0.04,0.71,1.72,0.016,0.05,1.29,2.96,1.08,11.33,0.02,0.71,0.45,1
0.04,0.01,0.04,24.29,4.81,0.27,0.005,3.1,0.013,0.01,2.08,0.49,0.2,1.84,0.01,0.45,0.01,1
0.004,4.19,0.76,23.35,2.37,0.05,0.003,0.91,0.178,0.06,1.41,2.42,0.95,8.81,0.02,0.36,0.11,1
0.06,0.09,0.04,0.42,0.15,0.09,0.92,2.75,0.057,0.0,0.03,0.07,0.73,13.57,0.09,0.0,0.09,0
0.004,3.84,0.18,13.46,1.48,0.01,0.68,5.33,0.113,0.05,1.99,3.89,0.88,2.09,0.01,0.68,0.38,1
0.001,1.22,0.45,49.49,5.72,0.01,0.003,6.59,0.088,0.01,1.51,3.2,0.52,1.36,0.01,0.18,0.34,1
0.003,0.37,0.49,2.55,2.56,0.03,0.003,3.95,0.13,0.06,1.9,2.75,1.19,0.37,0.07,0.27,0.49,0
0.001,2.02,0.73,29.85,0.88,0.03,0.009,5.52,0.159,0.0,1.24,2.83,1.45,9.31,0.04,0.42,0.39,1
0.004,4.04,0.24,24.01,4.54,0.02,0.002,3.65,0.124,0.02,1.06,1.62,0.64,0.98,0.05,0.1,0.37,1
0.05,0.08,0.01,3.62,0.05,0.08,0.0,1.04,0.139,0.08,2.28,0.25,0.63,0.24,0.1,0.44,0.0,0
0.02,0.02,0.03,2.09,0.05,0.05,0.56,0.39,0.096,0.03,0.52,0.2,0.85,20.33,0.02,0.0,0.05,0
0.08,0.06,0.01,6.28,0.01,0.03,0.005,0.71,0.084,0.01,0.5,0.65,1.09,20.42,0.06,0.0,0.01,1
0.001,2.37,0.78,50.66,1.98,0.03,0.77,1.07,0.042,0.06,1.32,3.38,0.07,24.23,0.05,0.77,0.16,0
0.02,0.08,0.05,1.86,0.07,0.03,0.009,2.14,0.126,0.02,0.39,1.49,0.54,17.91,0.1,0.0,0.09,0
0.12,0.05,0.35,36.6,6.43,0.61,0.001,7.37,0.197,0.09,1.77,1.89,1.24,28.82,0.08,0.44,0.36,0
0.02,0.21,0.43,4.79,4.02,0.15,0.74,1.55,0.046,0.0,2.12,3.18,0.69,24.42,0.01,0.74,0.47,0
0.07,0.07,0.06,5.31,0.03,0.06,0.92,0.28,0.105,0.04,0.78,0.7,0.26,19.12,0.01,0.0,0.08,0
0.06,0.08,0.09,1.34,0.07,0.07,0.007,1.56,0.074,0.0,1.54,1.23,0.04,13.48,0.09,0.13,0.06,0
0.001,0.09,0.47,32.48,3.58,0.04,0.82,1.45,0.072,0.04,1.37,3.61,1.29,12.26,0.02,0.82,0.31,1
0.001,2.06,0.55,53.73,2.16,0.04,0.64,0.3,0.18,0.09,1.2,1.81,1.29,12.22,0.09,0.64,0.01,0
0.12,0.08,0.15,33.83,2.98,0.12,0.009,6.83,0.001,0.07,1.69,2.41,0.96,18.57,0.07,0.31,0.04,0
0.02,0.07,0.08,1.64,0.09,0.04,0.68,2.65,0.153,0.05,0.33,0.75,0.83,3.66,0.05,0.0,0.03,0
0.002,2.88,0.29,51.29,6.13,0.03,0.78,3.81,0.174,0.06,1.83,3.37,0.91,0.26,0.07,0.78,0.03,1
0.06,0.05,0.0,0.84,0.08,0.04,0.89,2.71,0.062,0.04,1.09,0.24,0.5,24.06,0.1,0.89,0.02,0
0.03,1.68,0.74,43.13,4.35,0.7,0.0,1.71,0.193,0.05,1.74,3.25,1.24,15.65,0.09,0.0,0.44,0
0.01,0.09,0.03,5.67,0.08,0.0,0.004,1.45,0.02,0.06,2.0,1.66,0.36,0.36,0.05,0.28,0.03,0
0.03,0.07,0.08,0.46,0.29,0.09,0.003,3.2,0.089,0.03,0.29,0.34,0.43,23.39,0.03,0.04,0.06,0
0.008,4.93,0.51,26.8,0.7,0.04,0.7,5.58,0.101,0.03,1.11,3.05,1.07,23.98,0.09,0.7,0.38,1
0.04,0.02,0.02,3.9,0.09,0.07,0.57,6.52,0.106,0.04,1.13,2.49,1.48,26.9,0.09,0.57,0.02,0
0.12,2.64,0.02,23.84,2.51,0.88,0.007,1.5,0.008,0.09,1.3,3.48,0.75,11.29,0.02,0.38,0.42,0
0.006,0.05,0.8,48.98,5.59,0.03,0.62,4.21,0.05,0.02,1.9,0.35,0.93,12.31,0.06,0.62,0.07,1
0.01,2.07,0.73,4.47,0.97,0.35,0.009,5.52,0.159,0.0,1.36,2.96,1.45,9.21,0.04,0.0,0.39,0
0.005,2.71,0.04,10.82,4.6,0.05,0.96,7.74,0.04,0.07,1.27,0.46,1.28,4.82,0.09,0.96,0.4,1
0.01,0.09,0.02,0.52,0.1,0.08,0.0,1.89,0.181,0.0,1.0,0.66,0.54,10.99,0.03,0.45,0.08,0
0.0,0.08,0.08,8.47,0.32,0.08,0.003,0.55,0.144,0.04,0.94,1.59,0.4,16.61,0.09,0.0,0.01,1
0.02,0.02,0.09,0.61,0.07,0.06,0.007,4.63,0.024,0.09,1.67,1.82,0.59,20.11,0.06,0.49,0.06,0
0.007,2.21,0.11,28.03,4.1,0.03,0.005,0.15,0.175,0.08,1.96,1.47,1.39,18.61,0.05,0.31,0.33,1
0.04,0.1,0.09,1.38,0.04,0.09,0.69,0.97,0.005,0.05,1.56,1.25,0.64,18.74,0.07,0.69,0.08,0
0.09,0.02,0.06,5.39,0.11,0.05,0.004,0.29,0.172,0.08,1.9,0.09,1.44,15.23,0.05,0.34,0.0,0
0.003,4.79,0.28,35.86,4.38,0.03,0.5,7.77,0.196,0.06,1.23,3.48,0.5,5.36,0.07,0.5,0.12,1
0.02,1.13,0.58,51.32,5.4,0.32,0.73,7.92,0.111,0.04,1.97,2.87,0.21,23.77,0.09,0.73,0.29,0
0.004,4.2,0.25,16.41,2.32,0.03,0.0,7.9,0.188,0.08,1.58,2.83,0.53,6.7,0.07,0.0,0.13,1
0.006,0.07,0.89,6.24,7.52,0.05,0.002,4.15,0.11,0.02,1.79,0.17,0.32,10.38,0.01,0.31,0.1,1
0.009,2.25,0.64,26.12,5.67,0.01,0.0,7.76,0.062,0.09,1.26,3.73,0.27,11.64,0.06,0.0,0.03,1
0.008,3.97,0.4,4.89,1.09,0.02,0.57,2.38,0.109,0.02,1.99,2.3,1.31,26.15,0.05,0.57,0.22,1
0.002,0.17,0.5,1.22,0.17,0.01,0.59,3.61,0.042,0.02,1.68,0.42,0.67,21.68,0.05,0.59,0.05,1
0.06,1.21,0.44,46.96,2.73,0.76,0.001,2.08,0.059,0.08,1.97,1.75,0.28,29.27,0.06,0.19,0.5,0
0.007,4.33,0.87,27.63,3.3,0.02,0.0,4.67,0.07,0.06,1.36,1.63,0.43,29.04,0.07,0.0,0.27,0
0.03,0.61,0.27,11.21,7.99,0.55,0.89,3.37,0.005,0.0,1.72,4.49,1.39,27.83,0.08,0.89,0.13,0
0.01,0.02,0.06,2.46,0.08,0.05,0.001,0.48,0.059,0.03,0.69,0.1,0.46,28.29,0.01,0.0,0.06,0
0.006,3.75,0.38,5.73,1.12,0.04,0.57,1.08,0.101,0.01,1.04,1.87,1.09,17.69,0.04,0.57,0.03,1
0.08,0.09,0.02,0.44,0.39,0.08,0.002,0.97,0.11,0.02,1.79,0.51,0.32,9.98,0.01,0.31,0.03,0
0.006,1.44,0.19,21.67,3.04,0.03,0.65,6.36,0.194,0.04,1.53,1.68,0.59,5.52,0.09,0.65,0.4,1
0.008,4.03,0.32,17.62,1.84,0.05,0.005,2.08,0.192,0.05,1.38,0.34,0.22,25.54,0.06,0.21,0.11,1
0.11,4.34,0.5,42.6,0.45,0.39,0.59,3.61,0.042,0.02,1.77,0.95,0.67,21.58,0.05,0.0,0.05,1
0.008,2.46,0.57,26.27,5.87,0.001,0.0,4.53,0.072,0.02,1.95,1.09,0.95,9.9,0.02,0.0,0.11,1
0.06,0.1,0.28,46.44,8.47,0.12,0.003,7.29,0.185,0.01,1.58,2.64,0.45,14.2,0.07,0.36,0.02,0
0.05,0.1,0.06,1.69,0.06,0.04,0.002,0.26,0.083,0.04,0.27,1.1,1.25,21.52,0.05,0.0,0.0,0
0.005,0.31,0.8,22.32,5.37,0.01,0.0,0.2,0.138,0.06,1.93,0.28,0.96,26.81,0.01,0.45,0.01,0
0.001,2.36,0.7,28.19,5.83,0.01,0.0,0.15,0.16,0.04,1.27,0.1,0.95,18.71,0.05,0.0,0.38,1
0.08,0.1,0.01,6.66,0.04,0.1,0.67,0.58,0.182,0.0,1.25,2.34,1.0,6.79,0.07,0.67,0.07,0
0.001,2.42,0.03,43.4,6.2,0.03,0.005,3.36,0.152,0.06,1.48,1.99,1.0,2.15,0.07,0.18,0.27,0
0.001,0.36,0.83,1.56,5.21,0.04,0.0,2.84,0.089,0.06,1.91,2.24,0.64,9.62,0.04,0.0,0.41,1
0.04,2.3,0.16,16.57,1.85,0.84,0.52,5.84,0.022,0.07,2.42,1.64,0.08,7.7,0.05,0.52,0.41,0
0.08,0.08,0.44,55.86,8.54,0.83,0.001,3.54,0.001,0.05,1.69,1.21,1.14,6.98,0.08,0.41,0.17,0
0.004,3.45,0.79,28.21,1.89,0.01,0.0,2.94,0.194,0.09,1.34,1.51,1.42,24.62,0.01,0.0,0.14,1
0.001,0.92,0.14,7.24,7.24,0.03,0.91,6.44,0.027,0.08,1.47,0.6,1.31,21.9,0.04,0.91,0.01,1
0.06,0.04,0.11,51.57,3.52,0.28,0.005,4.29,0.001,0.08,2.11,4.27,0.27,23.49,0.02,0.26,0.42,0
0.01,0.06,0.04,0.84,0.01,0.09,0.003,1.42,0.095,0.07,0.17,0.86,1.34,5.58,0.01,0.0,0.02,1
0.003,3.62,0.45,23.25,7.06,0.001,0.002,4.39,0.149,0.03,1.69,0.58,0.45,3.82,0.1,0.24,0.33,1
0.09,0.01,0.02,4.26,0.1,0.02,0.001,6.46,0.124,0.0,0.95,1.64,0.54,14.82,0.03,0.0,0.0,0
0.01,0.07,0.06,0.03,0.09,0.02,0.64,2.3,0.044,0.05,0.26,3.52,0.32,19.21,0.08,0.0,0.02,0
0.11,0.08,0.29,35.07,2.39,0.86,0.007,3.41,0.19,0.04,1.44,1.04,0.31,13.9,0.04,0.01,0.09,0
0.06,0.05,0.06,1.7,0.58,0.06,0.0,6.96,0.097,0.03,1.45,2.35,0.4,5.86,0.05,0.0,0.08,0
0.002,0.0,0.89,56.24,4.26,0.02,0.0,4.06,0.099,0.07,1.25,2.4,0.29,16.81,0.06,0.29,0.3,0
0.11,0.09,0.86,3.41,3.55,0.87,0.89,5.03,0.001,0.02,1.85,0.92,1.38,11.42,0.0,0.89,0.49,0
0.02,0.34,0.11,17.27,3.17,0.16,0.0,2.18,0.071,0.02,2.01,0.61,0.36,13.64,0.04,0.0,0.01,1
0.12,3.6,0.34,6.99,0.09,0.53,0.0,2.73,0.122,0.08,1.08,2.07,1.29,25.94,0.04,0.0,0.03,0
0.06,0.09,0.07,1.26,0.23,0.05,0.008,1.86,0.121,0.0,1.57,0.27,1.38,21.04,0.04,0.13,0.03,0
0.06,0.03,0.52,51.42,1.3,0.79,0.61,0.05,0.001,0.02,1.52,2.79,0.59,25.11,0.03,0.61,0.05,1
0.05,0.03,0.05,4.03,0.13,0.03,0.0,0.25,0.003,0.09,0.97,0.48,0.11,12.22,0.05,0.0,0.07,0
0.08,0.03,0.05,1.07,0.02,0.04,0.0,4.68,0.054,0.02,1.38,1.11,0.05,8.13,0.08,0.2,0.06,0
0.11,0.06,0.36,17.06,0.71,0.09,0.007,1.15,0.142,0.02,1.68,0.73,1.03,28.13,0.09,0.44,0.42,0
0.05,0.02,0.1,0.54,0.06,0.04,0.96,0.69,0.119,0.02,2.08,0.7,1.07,3.33,0.02,0.96,0.02,0
0.03,0.09,0.05,1.44,0.22,0.04,0.005,0.84,0.012,0.08,0.39,0.9,0.27,22.3,0.07,0.0,0.01,1
0.005,0.41,0.8,6.86,0.6,0.02,0.69,1.79,0.194,0.01,1.54,0.77,1.31,14.52,0.06,0.69,0.42,1
0.02,2.74,0.41,42.67,6.47,0.3,0.008,7.53,0.122,0.05,1.64,1.11,0.7,17.25,0.05,0.0,0.15,0
0.005,0.21,0.49,16.74,3.17,0.04,0.8,7.01,0.121,0.07,1.81,3.49,0.58,8.11,0.08,0.8,0.11,1
0.009,0.15,0.86,39.6,3.42,0.01,0.005,3.6,0.043,0.05,1.13,2.38,1.39,29.1,0.04,0.09,0.12,0
0.003,1.09,0.38,33.17,1.27,0.04,0.007,2.97,0.02,0.02,1.38,0.69,0.72,17.55,0.06,0.25,0.1,1
0.02,0.04,0.0,1.35,0.1,0.04,0.001,4.1,0.144,0.02,0.18,0.28,0.7,13.28,0.06,0.08,0.01,1
0.007,0.3,0.35,16.99,6.11,0.001,0.67,4.12,0.136,0.01,1.73,2.5,0.89,0.44,0.09,0.67,0.42,1
0.04,0.09,0.08,7.65,0.07,0.09,0.008,0.33,0.042,0.02,0.49,0.68,1.37,22.72,0.07,0.09,0.02,0
0.09,0.03,0.01,0.55,0.39,0.09,0.008,1.69,0.163,0.06,0.95,2.71,0.22,5.47,0.04,0.0,0.05,0
0.06,0.05,0.06,3.59,0.66,0.09,0.0,0.35,0.115,0.01,2.54,0.75,0.71,7.75,0.08,0.0,0.05,0
0.06,0.1,0.04,1.85,0.32,0.08,0.59,2.2,0.119,0.05,1.35,0.23,0.79,10.15,0.08,0.0,0.09,0
0.004,2.75,0.89,12.21,6.12,0.03,0.0,2.69,0.037,0.0,1.26,1.69,1.43,3.82,0.09,0.0,0.49,1
0.09,0.09,0.09,0.24,0.03,0.09,0.009,1.9,0.159,0.0,1.44,0.29,1.45,7.96,0.04,0.42,0.09,0
0.08,0.0,0.09,12.05,0.64,0.07,0.5,1.84,0.106,0.01,1.82,0.68,0.58,9.22,0.03,0.5,0.05,0
0.004,2.55,0.82,11.0,7.7,0.04,0.77,1.53,0.112,0.06,1.34,2.8,1.2,20.81,0.01,0.77,0.27,1
0.007,3.99,0.43,25.05,6.69,0.001,0.0,4.9,0.198,0.01,1.99,3.64,0.32,9.06,0.06,0.0,0.16,1
0.002,0.43,0.25,4.14,7.12,0.03,0.74,2.63,0.145,0.06,1.17,0.45,0.07,26.42,0.08,0.74,0.22,1
0.12,4.58,0.11,7.34,6.58,0.45,0.002,6.69,0.15,0.04,1.93,1.68,1.08,0.17,0.04,0.0,0.06,0
0.05,0.09,0.04,7.51,0.08,0.03,0.005,1.98,0.188,0.07,1.08,0.79,1.32,23.13,0.0,0.1,0.07,0
0.12,0.65,0.44,22.01,4.23,0.68,0.009,1.34,0.128,0.07,1.98,2.74,0.45,24.11,0.01,0.38,0.13,0
0.002,0.8,0.2,35.76,0.89,0.03,0.96,3.42,0.158,0.03,1.64,3.16,0.53,13.59,0.03,0.96,0.15,1
0.008,0.02,0.11,29.22,6.34,0.01,0.001,6.02,0.147,0.07,1.76,2.27,1.06,22.48,0.03,0.07,0.35,0
0.008,2.14,0.76,30.25,7.96,0.04,0.59,0.51,0.152,0.07,1.12,0.48,0.52,12.66,0.03,0.59,0.35,1
0.002,0.17,0.18,24.65,1.53,0.03,0.0,5.49,0.041,0.06,1.12,2.75,0.54,23.21,0.03,0.01,0.09,0
0.006,3.26,0.77,16.91,0.26,0.04,0.0,2.06,0.046,0.07,1.44,2.19,0.04,22.23,0.1,0.0,0.07,1
0.05,0.07,0.08,3.63,0.2,0.09,0.006,0.41,0.123,0.03,0.37,0.83,0.66,9.24,0.04,0.0,0.05,1
0.007,0.12,0.48,33.01,0.71,0.04,0.005,4.51,0.112,0.02,1.62,3.88,0.74,14.13,0.06,0.19,0.05,1
0.01,0.08,0.0,13.32,0.2,0.09,0.003,0.64,0.051,0.08,1.42,0.24,0.97,11.44,0.04,0.49,0.02,0
0.06,0.09,0.06,2.54,0.2,0.1,0.62,0.15,0.166,0.05,1.03,0.0,0.27,11.63,0.0,0.62,0.09,0
0.1,0.03,0.15,39.3,7.59,1.02,0.99,4.74,0.13,0.03,1.61,4.27,1.41,23.09,0.01,0.99,0.03,1
0.07,0.09,0.89,48.55,7.54,0.16,0.002,4.15,0.11,0.02,2.08,0.39,0.32,10.28,0.01,0.31,0.1,1
0.03,0.03,0.01,30.27,6.59,0.77,0.77,0.22,0.174,0.09,1.18,4.47,1.14,5.28,0.04,0.77,0.06,0
0.001,2.23,0.86,3.24,1.53,0.02,0.67,1.27,0.182,0.0,1.15,3.03,1.0,25.59,0.07,0.67,0.4,1
0.07,0.06,0.03,3.03,0.06,0.06,0.007,0.89,0.097,0.01,0.61,1.58,1.43,22.9,0.05,0.0,0.04,1
0.0,0.07,0.06,0.02,0.2,0.04,0.001,0.66,0.015,0.01,0.89,0.91,1.21,5.7,0.09,0.0,0.0,1
0.1,2.97,0.21,46.91,2.35,0.55,0.001,0.87,0.06,0.05,1.41,3.31,1.36,12.39,0.03,0.0,0.27,0
0.05,2.95,0.37,5.04,4.65,0.11,0.0,7.6,0.194,0.02,1.42,3.77,1.19,1.56,0.08,0.0,0.48,0
0.03,3.92,0.07,46.3,3.21,0.85,0.61,0.32,0.123,0.01,1.81,3.86,0.08,15.62,0.03,0.61,0.06,1
0.001,2.45,0.06,4.79,1.82,0.03,0.0,0.7,0.015,0.07,1.33,0.78,1.15,12.38,0.01,0.0,0.23,1
0.05,4.46,0.03,8.05,6.36,0.7,0.73,3.63,0.18,0.01,1.77,1.56,0.43,28.6,0.02,0.73,0.12,0
0.06,0.06,0.01,4.05,0.08,0.03,0.0,0.94,0.104,0.01,1.67,0.23,1.21,12.55,0.1,0.0,0.04,0
0.03,2.22,0.38,45.46,4.3,0.98,0.63,7.46,0.026,0.0,1.92,4.75,0.12,21.94,0.07,0.63,0.3,0
0.008,1.56,0.21,4.72,3.41,0.02,0.003,6.6,0.095,0.07,1.35,0.78,1.34,6.47,0.01,0.22,0.42,1
0.002,2.38,0.08,47.49,6.13,0.04,0.68,1.06,0.151,0.03,1.07,2.36,0.57,1.44,0.1,0.68,0.07,1
0.008,0.4,0.44,45.25,4.8,0.03,0.0,6.55,0.014,0.04,1.04,0.15,0.9,10.11,0.1,0.0,0.19,0
0.08,0.03,0.09,3.21,0.63,0.05,0.007,2.45,0.166,0.07,0.6,2.17,0.23,10.98,0.07,0.0,0.03,0
0.005,2.61,0.13,38.64,2.0,0.03,0.76,2.6,0.069,0.03,1.19,3.5,1.34,20.18,0.0,0.76,0.37,0
0.01,1.77,0.28,34.69,6.79,0.34,0.79,1.1,0.198,0.06,1.44,1.02,0.45,7.77,0.0,0.0,0.33,0
0.04,0.0,0.06,0.49,0.05,0.07,0.96,0.87,0.119,0.02,1.98,0.94,1.07,18.33,0.02,0.96,0.04,0
0.02,0.01,0.54,27.62,0.06,0.63,0.001,7.03,0.124,0.0,1.25,3.03,0.54,15.08,0.03,0.31,0.08,0
0.08,0.09,0.06,0.08,0.17,0.06,0.004,0.29,0.199,0.08,1.7,0.37,0.97,0.01,0.07,0.24,0.02,0
0.007,1.77,0.1,6.17,2.05,0.001,0.91,3.69,0.073,0.0,1.91,3.33,0.95,21.15,0.04,0.91,0.37,1
0.001,4.13,0.06,21.0,6.3,0.05,0.0,3.59,0.044,0.09,1.8,1.48,0.08,14.07,0.02,0.0,0.37,1
0.0,0.04,0.09,2.42,0.43,0.01,0.0,1.66,0.089,0.05,1.94,2.84,0.04,10.21,0.06,0.0,0.05,0
0.01,0.09,0.01,0.81,0.11,0.08,0.0,1.34,0.157,0.04,2.27,2.61,0.73,0.04,0.03,0.0,0.1,0
0.004,0.17,0.71,4.8,4.93,0.05,0.0,7.16,0.034,0.09,1.15,3.87,1.32,12.03,0.02,0.0,0.21,1
0.01,3.47,0.2,40.09,2.43,0.33,0.68,2.61,0.089,0.04,1.34,1.81,1.43,19.62,0.03,0.68,0.08,0
0.007,4.15,0.76,36.32,3.15,0.03,0.002,1.2,0.123,0.06,1.84,2.55,0.04,0.85,0.07,0.13,0.33,1
0.008,1.27,0.19,41.53,6.43,0.05,0.0,4.71,0.158,0.07,1.34,0.75,1.35,10.06,0.01,0.0,0.22,1
0.006,0.58,0.28,29.0,6.07,0.02,0.0,1.7,0.035,0.05,1.1,0.74,0.78,27.8,0.07,0.0,0.37,1
0.07,0.1,0.06,0.09,0.11,0.04,0.74,1.12,0.074,0.03,0.06,0.58,0.91,19.05,0.05,0.0,0.02,0
0.09,0.02,0.09,1.88,0.12,0.09,0.002,0.55,0.059,0.06,0.94,0.34,0.43,23.34,0.03,0.46,0.02,0
0.005,0.87,0.65,3.43,7.79,0.03,0.005,2.39,0.063,0.05,1.39,0.96,0.84,27.35,0.05,0.33,0.26,1
0.08,0.1,0.33,25.76,7.57,0.14,0.007,2.52,0.152,0.03,2.0,0.43,1.43,26.31,0.05,0.37,0.23,0
0.06,0.09,0.05,6.87,0.02,0.02,0.003,0.83,0.08,0.06,1.47,0.64,1.43,18.1,0.02,0.43,0.03,0
0.04,0.97,0.69,27.28,2.91,0.17,0.0,2.41,0.117,0.02,1.38,0.43,0.61,24.23,0.02,0.0,0.06,1
0.008,0.06,0.54,46.0,0.83,0.05,0.0,4.85,0.175,0.02,1.58,2.76,0.93,2.05,0.01,0.0,0.27,1
0.007,1.21,0.56,5.67,1.83,0.04,0.0,1.45,0.076,0.02,1.21,0.7,0.13,0.65,0.05,0.17,0.12,1
0.1,4.88,0.53,52.59,1.55,0.09,0.93,6.6,0.076,0.05,1.12,0.48,0.88,26.2,0.05,0.93,0.34,0
0.05,0.01,0.07,5.33,0.06,0.09,0.58,3.03,0.144,0.01,0.43,0.64,1.43,9.82,0.05,0.0,0.09,0
0.04,0.07,0.07,1.2,0.07,0.05,0.009,0.93,0.075,0.02,0.45,0.65,1.43,17.2,0.0,0.16,0.04,0
0.07,0.06,0.01,11.97,0.05,0.09,0.007,0.07,0.091,0.04,1.0,2.36,1.17,9.64,0.03,0.43,0.04,0
0.007,1.14,0.76,11.2,1.77,0.01,0.96,2.18,0.119,0.02,1.98,1.07,1.07,18.64,0.02,0.96,0.15,1
0.004,0.05,0.54,34.55,6.82,0.03,0.008,6.0,0.176,0.04,1.1,1.28,1.27,20.11,0.07,0.23,0.31,0
0.008,0.19,0.34,56.89,7.59,0.02,0.002,2.74,0.065,0.06,1.89,0.71,1.14,0.75,0.02,0.22,0.18,1
0.005,1.05,0.04,0.54,0.88,0.01,0.72,3.52,0.1,0.02,1.32,2.13,1.19,13.34,0.04,0.72,0.42,1
0.09,0.05,0.08,0.52,0.52,0.02,0.002,0.16,0.014,0.02,0.81,0.41,0.79,9.31,0.01,0.0,0.01,1
0.1,0.03,0.59,30.34,2.04,0.09,0.66,0.4,0.001,0.03,1.71,3.1,0.12,17.92,0.0,0.66,0.08,1
0.001,3.87,0.07,5.54,3.16,0.02,0.0,0.32,0.123,0.01,1.72,3.28,0.08,15.72,0.03,0.0,0.06,1
0.02,0.07,0.06,6.37,0.03,0.02,0.001,0.93,0.033,0.04,1.34,0.8,0.87,10.73,0.08,0.17,0.08,0
0.006,2.33,0.46,12.48,6.06,0.04,0.51,4.54,0.093,0.08,1.88,2.76,0.75,29.23,0.07,0.51,0.38,1
0.007,0.09,0.2,8.7,5.61,0.04,0.72,3.22,0.013,0.09,1.22,3.16,0.15,25.93,0.06,0.72,0.07,1
0.001,4.95,0.56,26.15,4.07,0.01,0.87,1.01,0.097,0.08,1.29,0.2,1.26,2.83,0.07,0.87,0.16,1
0.09,0.05,0.08,0.55,0.03,0.01,0.74,0.13,0.012,0.0,0.52,0.68,0.4,18.62,0.06,0.0,0.02,0
0.006,0.27,0.84,50.87,4.43,0.001,0.008,4.14,0.045,0.01,1.22,1.99,1.01,19.07,0.01,0.19,0.02,1
0.01,0.02,0.06,2.29,0.04,0.05,0.57,1.18,0.088,0.02,1.39,0.79,0.72,0.12,0.03,0.57,0.01,0
0.09,0.08,0.04,3.09,0.36,0.06,0.007,0.11,0.097,0.01,1.45,1.19,1.43,22.94,0.05,0.32,0.09,0
0.008,0.05,0.24,13.74,2.69,0.01,0.0,4.16,0.114,0.06,1.43,0.57,1.16,23.99,0.05,0.0,0.49,1
0.004,0.01,0.29,8.33,3.4,0.001,0.53,6.53,0.175,0.02,1.09,3.76,0.32,8.17,0.01,0.53,0.32,0
0.03,0.0,0.02,0.89,0.46,0.0,0.009,0.5,0.031,0.08,0.82,3.34,1.48,26.51,0.09,0.34,0.09,0
0.003,0.11,0.33,43.93,7.24,0.02,0.0,7.38,0.088,0.06,1.1,0.83,1.31,13.69,0.1,0.0,0.35,0
0.003,0.02,0.69,35.17,3.45,0.04,0.006,0.66,0.123,0.03,1.61,1.4,0.66,9.9,0.04,0.3,0.05,1
0.002,4.29,0.5,1.22,0.17,0.01,0.59,3.61,0.042,0.02,1.68,0.42,0.67,21.68,0.05,0.59,0.05,1
0.003,0.21,0.13,17.62,1.07,0.01,0.004,2.65,0.181,0.01,1.79,3.15,0.98,27.52,0.07,0.28,0.4,0
0.07,0.03,0.41,29.57,6.78,0.6,0.008,2.48,0.088,0.02,1.99,1.42,0.82,28.72,0.05,0.48,0.1,1
0.008,4.48,0.14,30.91,6.11,0.05,0.003,2.12,0.1,0.04,1.67,2.74,1.44,11.84,0.02,0.15,0.49,1
0.003,0.16,0.38,33.17,1.27,0.04,0.007,2.97,0.02,0.02,1.38,0.69,0.72,17.55,0.06,0.25,0.1,1
0.02,0.06,0.06,6.03,0.47,0.09,0.84,1.65,0.028,0.05,0.12,0.77,0.44,18.32,0.02,0.0,0.06,0
0.06,0.02,0.04,0.39,0.3,0.0,0.69,1.43,0.182,0.05,1.47,1.83,0.26,14.71,0.01,0.0,0.04,0
0.02,0.09,0.04,1.82,0.05,0.02,0.003,4.63,0.089,0.03,2.2,0.62,0.43,0.42,0.03,0.04,0.08,0
0.06,0.08,0.06,0.49,0.19,0.08,0.0,0.57,0.185,0.07,2.26,0.68,1.05,7.94,0.05,0.0,0.05,0
0.006,0.02,0.65,25.23,7.44,0.05,0.75,2.86,0.153,0.07,1.99,3.75,0.01,12.69,0.01,0.75,0.23,0
0.09,0.08,0.03,8.12,0.01,0.08,0.007,2.49,0.132,0.04,0.53,0.69,0.64,2.81,0.06,0.0,0.04,1
0.007,4.91,0.29,11.36,4.43,0.02,0.0,3.34,0.075,0.02,1.03,0.92,1.43,17.32,0.0,0.0,0.07,1
0.06,0.03,0.0,1.32,0.12,0.04,0.007,0.5,0.148,0.02,0.96,0.81,0.81,7.63,0.03,0.0,0.09,1
0.008,1.36,0.36,3.23,0.63,0.04,0.007,1.15,0.142,0.02,1.52,0.29,1.03,28.23,0.09,0.44,0.42,1
0.06,0.1,0.01,2.11,0.42,0.08,0.008,0.19,0.177,0.08,0.63,0.19,1.28,2.97,0.01,0.0,0.01,0
0.02,0.02,0.03,0.14,0.24,0.09,0.89,6.7,0.09,0.09,1.69,0.93,0.78,18.79,0.01,0.89,0.06,0
0.04,0.09,0.0,17.68,6.22,0.53,0.005,1.67,0.005,0.03,2.01,0.87,0.24,14.86,0.04,0.15,0.0,1
0.004,0.05,0.77,15.08,3.35,0.02,0.008,2.35,0.085,0.03,1.88,3.25,0.22,27.89,0.09,0.25,0.09,0
0.02,0.08,0.06,0.35,0.4,0.06,0.8,0.88,0.164,0.06,1.53,1.16,0.33,23.62,0.05,0.8,0.01,0
0.003,0.05,0.09,47.29,4.4,0.05,0.007,4.85,0.185,0.02,1.89,2.76,0.49,24.07,0.06,0.14,0.18,0
0.12,3.02,0.69,24.7,0.76,0.41,0.003,4.25,0.197,0.01,1.09,2.77,0.8,8.27,0.05,0.1,0.22,0
0.01,0.08,0.7,2.67,1.83,0.04,0.002,0.53,0.174,0.07,1.72,2.94,0.48,0.91,0.05,0.29,0.21,0
0.008,0.42,0.83,13.9,0.9,0.01,0.007,4.86,0.184,0.05,1.21,0.65,0.15,3.22,0.0,0.23,0.21,1
0.07,0.08,0.04,0.17,0.01,0.05,0.68,0.61,0.182,0.07,1.2,1.65,0.66,27.15,0.01,0.68,0.04,0
0.004,0.31,0.54,25.36,4.59,0.04,0.0,1.84,0.113,0.0,1.6,0.48,0.33,1.91,0.02,0.0,0.11,1
0.001,4.13,0.34,38.32,1.77,0.02,0.001,3.97,0.089,0.06,1.07,3.91,0.61,0.59,0.04,0.21,0.32,1
0.11,0.36,0.48,14.96,2.18,0.96,0.84,3.6,0.001,0.05,2.07,3.52,0.09,15.06,0.03,0.84,0.42,0
0.07,0.24,0.52,16.81,4.36,1.02,0.007,6.49,0.039,0.03,2.01,3.98,1.45,21.04,0.06,0.44,0.33,0
0.004,4.19,0.28,24.83,2.47,0.01,0.0,4.03,0.096,0.08,1.42,1.37,0.28,0.68,0.03,0.0,0.37,1
0.006,0.01,0.03,49.53,1.78,0.04,0.008,2.73,0.113,0.04,1.4,1.47,0.26,18.97,0.09,0.07,0.11,0
0.09,0.0,0.05,7.14,0.04,0.07,0.002,0.17,0.136,0.02,0.27,0.82,0.44,27.11,0.09,0.0,0.09,0
0.04,1.14,0.38,45.06,1.45,0.35,0.007,2.97,0.02,0.02,1.55,1.32,0.72,17.45,0.06,0.0,0.1,1
0.005,0.18,0.87,24.25,4.05,0.02,0.71,0.62,0.162,0.03,1.35,0.92,1.18,10.29,0.07,0.71,0.06,1
0.06,0.1,0.02,2.12,0.17,0.01,0.0,4.13,0.008,0.04,2.16,0.2,0.74,0.3,0.0,0.0,0.0,0
0.03,1.26,0.71,52.6,1.71,0.42,0.99,2.18,0.113,0.06,1.61,3.08,1.41,17.49,0.04,0.99,0.24,0
0.01,0.04,0.09,0.31,0.49,0.09,0.0,0.56,0.115,0.06,2.25,0.23,1.18,0.8,0.01,0.0,0.02,0
0.09,0.22,0.2,8.81,0.32,0.9,0.61,3.55,0.127,0.03,1.93,4.28,0.24,10.96,0.07,0.61,0.04,1
0.003,2.5,0.36,44.16,0.83,0.02,0.71,4.01,0.09,0.03,1.44,0.9,0.11,16.32,0.06,0.71,0.23,1
0.03,0.04,0.06,0.1,0.12,0.04,0.84,2.37,0.139,0.07,0.48,0.86,0.1,20.86,0.08,0.0,0.09,0
0.005,0.03,0.04,0.54,0.88,0.01,0.72,3.52,0.1,0.02,1.32,2.13,1.19,13.34,0.04,0.72,0.42,0
0.002,0.29,0.7,37.15,4.13,0.04,0.55,0.25,0.164,0.09,1.49,2.34,0.89,5.43,0.08,0.55,0.01,0
0.12,3.37,0.23,8.68,6.24,0.37,0.0,4.29,0.049,0.0,2.21,4.0,1.16,21.74,0.07,0.0,0.08,1
0.001,3.05,0.01,13.89,4.22,0.01,0.001,0.18,0.021,0.05,1.48,0.8,0.24,5.71,0.02,0.49,0.18,1
0.002,0.23,0.2,16.47,6.83,0.05,0.0,1.34,0.157,0.04,1.84,3.89,0.73,10.42,0.03,0.0,0.06,1
0.002,3.57,0.66,6.85,0.63,0.04,0.0,1.57,0.097,0.07,1.63,1.16,0.55,28.81,0.08,0.0,0.13,1
0.007,3.95,0.01,2.43,7.17,0.04,0.004,5.26,0.188,0.03,1.84,0.73,1.43,3.2,0.06,0.35,0.47,1
0.08,3.12,0.12,51.42,1.94,0.04,0.0,5.01,0.102,0.03,1.95,1.29,0.31,25.42,0.02,0.43,0.2,0
0.004,3.59,0.78,6.39,6.0,0.04,0.007,1.27,0.192,0.06,1.44,2.88,0.29,19.74,0.05,0.02,0.11,1
0.006,0.0,0.37,0.8,4.06,0.02,0.0,6.7,0.054,0.04,1.19,0.57,0.69,22.91,0.09,0.0,0.37,1
0.1,0.0,0.09,0.32,0.13,0.05,0.79,5.44,0.044,0.03,0.49,0.61,0.1,23.34,0.04,0.0,0.03,0
0.002,2.54,0.18,4.32,4.52,0.01,0.55,4.82,0.17,0.01,1.51,1.17,0.78,27.03,0.04,0.55,0.15,1
0.01,0.01,0.08,0.23,0.32,0.07,0.66,1.21,0.124,0.02,0.64,0.67,0.17,11.7,0.07,0.0,0.05,0
0.09,0.02,0.05,0.11,0.04,0.0,0.8,2.94,0.164,0.06,0.69,0.74,0.33,23.35,0.05,0.0,0.02,0
0.02,0.03,0.02,1.28,0.04,0.08,0.0,0.21,0.107,0.0,1.54,0.91,1.5,1.37,0.07,0.0,0.06,0
0.002,2.89,0.62,31.62,2.5,0.01,0.008,4.54,0.052,0.02,1.61,0.7,1.11,26.86,0.06,0.2,0.48,1
0.001,1.12,0.3,34.99,7.38,0.01,0.6,1.75,0.193,0.04,1.25,2.2,0.03,8.38,0.01,0.6,0.04,1
0.001,3.82,0.23,14.98,3.85,0.01,0.008,6.13,0.123,0.05,1.13,0.84,1.47,13.59,0.03,0.05,0.48,1
0.008,0.24,0.56,29.3,6.26,0.03,0.008,2.59,0.091,0.05,1.85,0.67,0.66,17.63,0.02,0.07,0.18,0
0.005,4.5,0.86,18.88,3.31,0.01,0.92,7.48,0.025,0.06,1.02,2.68,0.33,24.24,0.06,0.92,0.3,1
0.09,0.08,0.32,41.75,4.25,0.35,0.004,2.31,0.021,0.02,1.18,2.71,0.32,0.33,0.0,0.01,0.03,1
0.07,0.06,0.05,0.22,0.3,0.01,0.005,0.27,0.06,0.08,0.06,1.49,1.44,17.75,0.1,0.07,0.05,1
0.004,3.73,0.61,27.75,6.99,0.02,0.86,3.12,0.132,0.03,1.26,0.25,1.19,25.53,0.09,0.86,0.05,1
0.08,0.0,0.03,0.25,0.19,0.09,0.0,4.45,0.046,0.0,1.51,2.72,1.31,2.09,0.02,0.0,0.04,0
0.08,0.03,0.03,6.0,0.01,0.05,0.002,4.84,0.135,0.0,1.57,1.92,0.94,1.62,0.1,0.26,0.04,0
0.02,0.04,0.03,3.45,0.09,0.04,0.001,3.77,0.015,0.01,0.13,0.82,1.21,6.41,0.09,0.0,0.03,1
0.01,0.06,0.02,0.51,0.24,0.1,0.58,2.76,0.127,0.01,1.8,2.0,0.55,13.23,0.03,0.58,0.03,0
0.04,0.06,0.04,0.28,0.67,0.01,0.001,0.58,0.03,0.04,0.34,0.68,0.61,12.44,0.0,0.0,0.01,1
0.04,0.07,0.04,0.03,0.13,0.03,0.76,0.61,0.083,0.06,1.37,0.4,1.46,29.63,0.07,0.76,0.07,0
0.1,0.08,0.01,0.18,0.04,0.01,0.008,2.65,0.197,0.06,1.9,0.77,0.45,14.82,0.05,0.3,0.06,0
0.05,0.06,0.03,4.65,0.01,0.05,0.71,3.92,0.09,0.03,1.46,0.89,0.11,4.8,0.06,0.71,0.02,0
0.002,1.16,0.44,3.18,2.56,0.05,0.0,2.08,0.059,0.08,1.7,1.29,0.28,29.37,0.06,0.0,0.5,1
0.005,1.45,0.53,2.08,4.18,0.02,0.001,4.51,0.098,0.02,1.65,1.53,0.81,23.77,0.1,0.19,0.07,1
0.05,0.01,0.02,2.4,0.49,0.01,0.001,2.16,0.079,0.0,0.08,0.81,1.19,18.62,0.03,0.0,0.03,1
0.09,0.04,0.08,2.13,0.24,0.05,0.99,0.75,0.112,0.06,1.33,0.01,0.71,9.03,0.0,0.99,0.02,0
0.002,0.61,0.77,11.16,1.94,0.03,0.001,0.98,0.017,0.03,1.08,0.59,0.62,2.41,0.01,0.23,0.47,1
0.09,0.09,0.03,0.38,0.18,0.07,0.89,2.05,0.033,0.02,0.22,0.77,1.38,10.79,0.0,0.89,0.04,0
0.01,0.05,0.05,3.31,0.28,0.08,0.007,0.29,0.148,0.02,1.75,1.0,0.81,6.94,0.03,0.2,0.03,0
0.002,0.19,0.13,59.26,1.03,0.001,0.001,0.8,0.167,0.0,1.29,3.27,0.85,27.55,0.07,0.1,0.07,0
0.12,0.33,0.13,15.64,1.21,0.89,0.001,0.8,0.001,0.0,1.51,4.16,0.85,27.45,0.07,0.1,0.07,1
0.005,0.1,0.53,2.08,4.18,0.02,0.001,4.51,0.098,0.02,1.65,1.53,0.81,23.77,0.1,0.19,0.07,0
0.02,0.09,0.0,5.28,0.28,0.02,0.0,0.72,0.069,0.04,1.65,0.25,0.03,7.45,0.05,0.28,0.01,0
0.04,0.01,0.06,0.45,0.03,0.09,0.52,0.15,0.018,0.05,1.95,1.52,0.11,26.26,0.08,0.52,0.06,0
0.1,0.1,0.26,44.78,5.86,0.05,0.0,2.13,0.02,0.08,1.91,4.29,1.02,27.76,0.07,0.4,0.28,0
0.008,0.07,0.76,20.36,0.34,0.04,0.65,4.91,0.013,0.02,1.15,3.46,0.34,28.36,0.01,0.65,0.36,0
0.04,0.07,0.06,0.08,0.04,0.03,0.007,0.76,0.142,0.02,1.0,0.11,1.03,27.91,0.09,0.0,0.03,1
0.003,0.03,0.1,24.76,3.5,0.01,0.61,2.6,0.174,0.09,1.09,1.22,0.87,7.96,0.06,0.61,0.05,0
0.07,0.39,0.12,18.52,1.7,0.94,0.002,7.65,0.113,0.03,1.54,2.76,0.86,16.72,0.08,0.37,0.19,0
0.003,4.36,0.88,14.95,1.45,0.03,0.0,3.72,0.064,0.06,1.0,3.78,0.38,29.5,0.07,0.0,0.42,1
0.001,0.76,0.89,37.7,2.28,0.02,0.0,7.52,0.076,0.08,1.32,2.99,1.25,25.22,0.01,0.0,0.15,0
0.002,0.01,0.48,1.87,6.71,0.03,0.63,5.59,0.152,0.05,1.15,3.4,1.43,15.03,0.05,0.63,0.08,1
0.05,0.02,0.08,0.17,0.06,0.03,0.0,3.07,0.008,0.08,0.61,0.23,0.7,3.9,0.06,0.01,0.04,1
0.0,0.03,0.05,1.0,0.07,0.06,0.77,1.64,0.172,0.05,1.13,0.38,0.7,24.64,0.02,0.77,0.05,0
0.006,0.96,0.18,0.9,0.2,0.001,0.008,2.77,0.081,0.03,1.82,1.17,0.37,5.11,0.03,0.03,0.43,1
0.003,0.17,0.03,51.61,0.05,0.03,0.51,3.72,0.044,0.08,1.47,1.81,1.16,16.77,0.04,0.51,0.14,0
0.04,0.12,0.52,6.14,7.73,0.91,0.67,4.3,0.089,0.07,1.25,1.66,0.77,24.53,0.1,0.67,0.16,0
0.009,0.01,0.65,40.53,4.69,0.04,0.7,2.87,0.122,0.04,1.55,1.18,0.82,19.07,0.1,0.7,0.01,1
0.09,0.06,0.01,4.71,0.04,0.06,0.73,0.5,0.126,0.06,0.58,1.52,0.54,13.91,0.02,0.73,0.07,0
0.008,4.36,0.87,26.88,6.81,0.02,0.001,0.99,0.137,0.05,1.64,1.53,0.03,9.84,0.0,0.1,0.07,1
0.009,0.88,0.85,10.75,4.59,0.04,0.75,1.2,0.147,0.02,1.38,0.92,1.48,11.12,0.02,0.75,0.27,1
0.09,0.08,0.1,3.09,0.58,0.06,0.85,0.46,0.065,0.01,0.15,0.29,0.34,16.31,0.1,0.0,0.03,0
0.003,2.08,0.52,18.52,1.22,0.01,0.61,0.05,0.04,0.02,1.38,2.13,0.59,25.21,0.03,0.61,0.05,1
0.007,4.98,0.19,55.45,2.83,0.04,0.005,3.8,0.092,0.04,1.27,0.63,0.36,7.69,0.09,0.3,0.32,1
0.04,2.17,0.82,29.61,4.44,0.56,0.0,5.11,0.089,0.03,1.98,1.48,0.43,23.48,0.03,0.0,0.2,0
0.003,0.48,0.34,27.84,6.81,0.01,0.0,0.64,0.097,0.01,1.45,2.69,1.43,23.82,0.05,0.0,0.17,1
0.08,0.0,0.03,0.24,0.08,0.03,0.004,0.81,0.162,0.0,0.31,0.82,0.3,25.93,0.01,0.0,0.08,0
0.03,0.03,0.1,6.39,0.02,0.04,0.003,0.07,0.124,0.03,1.88,0.84,0.48,8.97,0.06,0.43,0.04,0
0.004,0.19,0.54,21.2,1.11,0.001,0.0,0.46,0.116,0.03,1.58,0.09,1.33,22.84,0.03,0.0,0.0,1
0.04,0.01,0.3,47.98,7.77,0.71,0.79,7.79,0.199,0.03,2.0,2.92,0.9,21.89,0.09,0.79,0.1,0
0.08,0.08,0.03,0.1,0.02,0.03,0.0,7.93,0.05,0.01,1.44,0.65,0.91,0.17,0.09,0.0,0.05,0
0.02,0.09,0.1,4.52,0.21,0.05,0.0,3.07,0.113,0.08,1.14,0.01,0.79,16.91,0.0,0.0,0.08,0
0.02,4.32,0.21,36.96,6.67,0.28,0.007,5.87,0.145,0.07,1.72,3.14,0.82,5.29,0.02,0.01,0.21,0
0.006,0.8,0.53,38.71,5.43,0.03,0.0,6.67,0.042,0.04,1.96,2.75,0.02,3.56,0.09,0.0,0.27,1
0.002,0.6,0.64,31.6,0.88,0.001,0.77,2.75,0.09,0.08,1.68,3.53,0.83,2.21,0.09,0.77,0.24,1
0.001,0.72,0.07,30.21,3.23,0.01,0.005,6.62,0.016,0.04,1.39,3.49,1.29,9.47,0.01,0.39,0.43,1
0.001,0.9,0.15,25.15,4.95,0.05,0.87,7.35,0.047,0.08,1.21,3.58,1.39,5.48,0.09,0.87,0.44,1
0.03,0.05,0.02,0.37,0.0,0.03,0.003,0.21,0.13,0.06,0.96,0.16,1.19,0.13,0.07,0.0,0.06,1
0.1,0.24,0.05,14.52,7.89,0.31,0.61,0.53,0.164,0.01,1.56,2.56,1.19,5.0,0.0,0.0,0.06,1
0.06,0.06,0.08,0.17,0.0,0.07,0.73,0.08,0.164,0.02,0.72,0.52,1.36,11.66,0.06,0.0,0.03,0
0.07,0.01,0.0,1.41,0.16,0.04,0.004,0.92,0.086,0.06,1.07,0.13,0.14,11.97,0.01,0.06,0.07,0
0.001,2.97,0.69,33.87,0.64,0.03,0.003,4.25,0.197,0.01,1.09,1.86,0.8,8.37,0.05,0.1,0.22,1
0.006,0.22,0.06,42.85,5.25,0.05,0.51,4.23,0.13,0.01,1.31,3.29,0.9,9.72,0.0,0.51,0.03,1
0.002,4.75,0.52,54.15,1.28,0.02,0.64,6.46,0.032,0.06,1.74,3.18,0.86,15.62,0.03,0.64,0.35,0
0.007,0.31,0.14,32.32,2.94,0.01,0.89,6.42,0.052,0.08,1.76,1.54,0.16,0.9,0.03,0.89,0.33,1
0.08,0.1,0.03,0.04,0.05,0.01,0.003,1.3,0.078,0.01,1.27,0.25,0.99,13.23,0.07,0.05,0.07,0
0.07,0.01,0.07,6.53,0.31,0.1,0.007,0.27,0.109,0.05,0.57,0.77,1.0,21.07,0.04,0.0,0.1,0
0.03,0.06,0.02,10.03,0.14,0.1,0.0,6.28,0.007,0.08,1.46,2.41,1.05,0.37,0.01,0.0,0.01,0
0.05,0.19,0.37,6.88,6.26,0.09,0.73,3.83,0.001,0.07,2.09,3.94,0.61,-0.03,0.06,0.73,0.33,0
0.001,0.09,0.12,34.64,3.74,0.02,0.8,0.9,0.114,0.06,1.18,0.55,0.43,10.67,0.02,0.8,0.16,0
0.008,3.13,0.32,15.09,6.25,0.02,0.0,4.94,0.03,0.09,1.8,1.8,0.53,28.98,0.01,0.0,0.39,1
0.03,1.21,0.76,50.63,1.25,0.57,0.92,7.42,0.105,0.04,1.81,1.41,0.26,19.47,0.01,0.92,0.33,0
0.002,4.49,0.29,45.28,7.43,0.01,0.54,0.8,0.141,0.03,1.64,3.28,0.47,3.08,0.04,0.54,0.4,1
0.04,0.04,0.02,1.4,0.59,0.06,0.004,0.03,0.093,0.05,1.0,0.28,0.82,6.2,0.03,0.29,0.03,0
0.06,0.1,0.07,4.54,0.09,0.03,0.008,0.77,0.155,0.02,0.96,1.95,0.14,3.49,0.02,0.44,0.01,0
0.008,2.89,0.54,17.54,5.99,0.05,0.009,4.33,0.126,0.02,1.82,3.77,0.54,18.82,0.1,0.2,0.05,1
0.07,4.09,0.01,33.59,1.62,0.66,0.72,2.06,0.034,0.06,1.61,0.92,0.26,17.45,0.04,0.0,0.07,0
0.007,2.68,0.69,28.47,2.89,0.02,0.67,7.28,0.18,0.01,1.65,1.32,0.87,9.61,0.07,0.67,0.12,1
0.006,2.01,0.33,3.17,6.42,0.01,0.76,5.31,0.168,0.0,1.01,2.17,1.01,15.1,0.07,0.76,0.32,1
0.03,0.07,0.08,1.36,0.12,0.1,0.007,0.18,0.146,0.01,0.1,1.13,0.52,13.86,0.07,0.0,0.06,1
0.008,2.24,0.13,30.09,5.12,0.03,0.78,4.05,0.163,0.08,1.75,1.1,0.76,21.76,0.03,0.78,0.12,1
0.009,0.08,0.4,13.09,3.47,0.05,0.95,6.07,0.025,0.08,1.76,2.69,1.4,2.1,0.04,0.95,0.19,0
0.007,0.15,0.42,26.43,6.9,0.01,0.0,2.83,0.093,0.03,1.16,2.56,1.31,2.61,0.07,0.0,0.3,1
0.06,0.06,0.07,0.11,0.05,0.07,0.0,1.55,0.046,0.0,1.96,0.71,0.69,21.96,0.01,0.0,0.07,0
0.003,0.84,0.72,40.52,4.62,0.03,0.005,2.41,0.078,0.04,1.91,1.89,0.04,2.8,0.08,0.08,0.04,1
0.003,2.5,0.08,22.13,0.51,0.03,0.0,4.07,0.037,0.06,1.21,3.44,0.39,9.49,0.02,0.0,0.41,1
0.001,0.34,0.05,38.2,7.43,0.02,0.61,0.53,0.164,0.01,1.16,1.79,1.19,5.1,0.0,0.61,0.06,1
0.02,0.03,0.1,16.05,2.23,0.79,0.002,0.1,0.001,0.01,1.99,3.41,0.74,23.9,0.07,0.32,0.09,1
0.006,0.23,0.27,35.48,0.59,0.01,0.003,7.88,0.064,0.01,1.99,2.96,0.06,29.2,0.06,0.42,0.05,0
0.03,0.09,0.05,5.79,0.41,0.1,0.0,7.38,0.088,0.06,1.17,0.45,1.31,10.1,0.1,0.0,0.04,0
0.13,0.04,0.24,32.69,4.58,0.48,0.002,3.65,0.124,0.02,1.3,1.72,0.64,0.88,0.05,0.1,0.37,0
0.02,0.02,0.06,2.41,0.18,0.08,0.52,2.13,0.19,0.06,1.54,0.83,0.05,0.9,0.05,0.52,0.08,0
0.006,1.06,0.36,2.16,0.23,0.001,0.006,7.47,0.195,0.08,1.15,2.43,0.23,20.37,0.09,0.42,0.49,1
0.03,0.03,0.04,0.09,0.03,0.01,0.009,1.12,0.169,0.03,0.44,0.66,0.05,1.63,0.09,0.0,0.02,0
0.0,0.07,0.04,10.68,0.67,0.05,0.99,3.08,0.096,0.03,1.77,0.92,0.17,2.46,0.08,0.99,0.1,0
0.03,0.08,0.07,0.07,0.28,0.07,0.97,0.43,0.17,0.08,1.07,0.86,0.13,3.48,0.06,0.97,0.1,0
0.0,0.03,0.04,0.12,0.23,0.09,0.006,0.53,0.123,0.03,0.57,0.14,0.66,9.83,0.04,0.0,0.02,1
0.005,1.98,0.79,47.78,3.62,0.001,0.92,4.38,0.112,0.05,1.6,3.69,0.62,1.5,0.05,0.92,0.29,1
0.01,0.1,0.03,0.18,0.05,0.04,0.83,0.62,0.166,0.02,1.77,0.88,0.93,15.9,0.08,0.83,0.09,0
0.04,0.04,0.01,3.13,0.45,0.08,0.0,3.51,0.004,0.02,0.14,0.36,1.5,19.77,0.09,0.0,0.09,1
0.06,0.06,0.09,10.85,0.1,0.1,0.004,0.99,0.034,0.02,0.88,0.07,0.85,22.77,0.09,0.0,0.02,1
0.09,4.6,0.34,40.7,5.93,0.6,0.81,4.88,0.075,0.01,1.15,4.04,1.18,29.04,0.08,0.81,0.04,1
0.005,3.36,0.7,14.49,1.74,0.02,0.87,3.54,0.106,0.07,1.12,0.86,0.7,20.61,0.02,0.87,0.47,1
0.002,1.09,0.25,41.01,3.03,0.02,0.004,2.82,0.082,0.01,1.58,3.01,0.76,2.07,0.02,0.15,0.45,1
0.006,3.03,0.61,31.57,6.25,0.05,0.51,6.36,0.086,0.08,1.17,0.65,0.76,9.19,0.02,0.51,0.17,1
0.002,0.23,0.47,28.03,0.68,0.001,0.001,0.92,0.166,0.08,1.2,3.5,1.33,23.16,0.07,0.05,0.03,1
0.07,0.1,0.07,4.18,0.15,0.0,0.001,0.12,0.151,0.02,1.2,0.54,0.33,7.01,0.1,0.23,0.09,0
0.07,0.1,0.06,0.82,0.46,0.08,0.0,7.51,0.058,0.09,1.0,2.85,0.11,0.83,0.0,0.0,0.05,0
0.04,0.05,0.84,35.54,4.55,0.24,0.008,4.14,0.045,0.01,1.96,2.06,1.01,18.97,0.01,0.19,0.02,1
0.09,1.2,0.81,33.2,2.14,0.06,0.0,4.48,0.003,0.02,1.47,2.97,0.73,19.96,0.03,0.0,0.38,0
0.001,3.97,0.43,53.36,3.41,0.001,0.001,2.61,0.151,0.02,1.8,2.26,0.33,7.47,0.1,0.23,0.38,1
0.0,0.08,0.06,3.46,0.1,0.02,0.99,3.57,0.005,0.06,1.51,0.84,0.63,29.12,0.0,0.99,0.09,0
0.008,3.29,0.56,24.98,3.95,0.05,0.75,1.78,0.085,0.01,1.33,2.89,1.09,24.1,0.05,0.75,0.42,1
0.11,0.01,0.12,11.89,1.42,1.0,0.009,1.2,0.001,0.07,1.71,4.33,1.04,26.69,0.02,0.29,0.4,0
0.0,0.04,0.02,0.14,0.03,0.04,0.58,0.37,0.113,0.0,0.39,0.38,0.33,1.43,0.02,0.0,0.04,0
0.003,3.37,0.84,23.6,2.9,0.04,0.003,0.37,0.082,0.08,1.73,1.86,1.2,1.07,0.02,0.32,0.46,1
0.06,0.02,0.06,3.88,0.49,0.08,0.005,4.56,0.006,0.03,0.32,0.13,0.62,5.58,0.02,0.0,0.02,1
0.09,0.19,0.54,11.32,1.29,0.1,0.55,0.46,0.116,0.03,1.68,0.18,1.33,22.74,0.03,0.55,0.0,1
0.003,3.83,0.13,33.89,7.12,0.01,0.61,3.07,0.038,0.03,1.88,2.57,0.78,16.01,0.09,0.61,0.11,1
0.002,0.01,0.75,42.42,3.82,0.04,0.008,5.34,0.04,0.06,1.65,3.38,0.18,7.23,0.04,0.49,0.03,0
0.008,0.52,0.11,6.7,7.18,0.001,0.0,5.65,0.076,0.05,1.32,2.15,1.05,0.4,0.07,0.0,0.38,1
0.02,0.06,0.01,3.78,0.04,0.04,0.73,3.58,0.086,0.03,0.65,0.98,1.3,29.36,0.07,0.0,0.02,0
0.006,4.32,0.65,4.4,6.25,0.01,0.0,3.49,0.191,0.02,1.68,0.55,0.86,4.93,0.0,0.0,0.43,1
0.07,0.03,0.09,2.74,0.11,0.04,0.79,0.19,0.085,0.08,1.47,0.78,0.37,23.31,0.06,0.79,0.05,0
0.03,0.08,0.09,2.28,0.04,0.01,0.0,0.93,0.103,0.03,2.04,0.9,1.21,9.06,0.07,0.0,0.06,0
0.08,0.02,0.06,10.86,0.07,0.06,0.67,0.78,0.182,0.0,0.95,1.49,1.0,24.68,0.07,0.0,0.02,0
0.06,0.03,0.08,1.74,0.04,0.05,0.002,2.4,0.11,0.0,1.28,0.33,0.53,1.93,0.04,0.0,0.04,0
0.04,0.1,0.05,0.31,0.02,0.0,0.65,0.81,0.168,0.01,1.16,2.5,0.32,8.65,0.09,0.65,0.1,0
0.007,0.16,0.2,48.37,0.21,0.04,0.61,3.55,0.127,0.03,1.77,3.58,0.24,11.06,0.07,0.61,0.04,1
0.003,4.0,0.47,40.62,0.73,0.02,0.95,0.88,0.148,0.09,1.1,3.4,0.65,5.65,0.0,0.95,0.29,1
0.01,0.06,0.02,0.44,0.21,0.04,0.003,0.23,0.146,0.05,0.44,1.33,0.34,19.84,0.09,0.0,0.01,1
0.05,0.04,0.69,27.38,2.77,0.39,0.001,2.41,0.117,0.02,1.4,0.3,0.61,24.23,0.02,0.13,0.06,1
0.09,0.08,0.63,56.66,7.11,0.49,0.006,4.28,0.18,0.07,1.55,3.12,0.5,26.12,0.08,0.09,0.03,0
0.04,4.35,0.28,10.98,4.21,0.2,0.0,4.05,0.059,0.05,1.28,3.35,0.79,1.93,0.06,0.0,0.24,0
0.008,1.88,0.42,22.12,0.05,0.02,0.91,1.97,0.103,0.05,1.95,2.78,0.09,19.26,0.03,0.91,0.06,1
0.08,0.03,0.05,0.22,0.04,0.02,0.004,0.19,0.05,0.04,0.27,1.22,1.41,13.58,0.03,0.0,0.09,1
0.002,2.47,0.45,22.35,2.52,0.04,0.68,3.8,0.136,0.02,1.2,1.28,1.14,29.2,0.04,0.68,0.11,1
0.008,2.41,0.73,1.88,6.26,0.03,0.0,3.24,0.183,0.07,1.95,3.56,0.27,23.26,0.06,0.0,0.09,1
0.03,0.07,0.03,7.29,0.07,0.05,0.77,0.32,0.174,0.09,0.85,1.03,1.14,4.9,0.04,0.77,0.06,0
0.005,0.68,0.04,13.93,3.83,0.03,0.0,6.59,0.161,0.04,1.27,3.45,1.36,28.29,0.06,0.0,0.11,1
0.009,3.61,0.38,3.13,6.53,0.02,0.007,2.22,0.105,0.02,1.67,2.11,1.26,18.91,0.08,0.38,0.46,1
0.04,0.1,0.07,3.72,0.07,0.06,0.6,0.05,0.061,0.03,1.16,0.66,1.24,9.43,0.06,0.6,0.0,0
0.006,3.94,0.09,20.38,5.61,0.05,0.0,7.51,0.058,0.09,1.77,2.22,0.11,4.48,0.0,0.0,0.19,1
0.006,2.78,0.33,28.44,1.09,0.04,0.001,2.54,0.114,0.09,1.84,2.44,1.49,0.51,0.04,0.15,0.5,1
0.0,0.01,0.09,1.63,0.28,0.04,0.005,1.46,0.053,0.05,1.65,0.87,0.78,1.37,0.01,0.22,0.09,0
0.04,0.03,0.04,1.1,0.01,0.09,0.62,0.74,0.103,0.0,0.29,0.09,1.32,7.9,0.06,0.0,0.01,0
0.0,0.1,0.06,7.61,0.09,0.08,0.0,2.43,0.104,0.05,1.89,1.51,0.8,10.41,0.09,0.0,0.09,0
0.1,0.99,0.56,13.21,1.16,0.79,0.006,4.28,0.132,0.02,1.75,4.07,0.99,9.24,0.02,0.43,0.05,1
0.007,0.09,0.76,11.2,1.77,0.01,0.96,2.18,0.119,0.02,1.98,1.07,1.07,18.64,0.02,0.96,0.15,0
0.04,0.05,0.08,5.0,0.1,0.02,0.7,0.15,0.041,0.07,0.33,1.72,0.91,1.18,0.02,0.0,0.0,0
0.04,0.09,0.07,3.7,0.24,0.07,0.75,0.96,0.092,0.07,1.66,0.69,1.18,9.73,0.07,0.75,0.02,0
0.01,0.04,0.04,6.93,0.39,0.09,0.0,7.18,0.068,0.03,1.53,0.58,1.31,3.44,0.08,0.13,0.07,0
0.06,0.09,0.01,1.5,0.06,0.04,0.85,0.87,0.192,0.09,1.37,1.3,1.32,25.82,0.09,0.85,0.03,0
0.03,0.04,0.05,2.78,0.38,0.04,0.007,2.34,0.03,0.09,0.97,0.8,0.53,28.34,0.01,0.0,0.06,0
0.005,4.91,0.84,6.87,5.22,0.04,0.006,5.77,0.12,0.07,1.3,0.13,0.97,18.02,0.01,0.23,0.03,1
0.11,2.03,0.77,25.24,4.65,0.89,0.59,4.83,0.178,0.02,1.45,2.66,0.4,28.45,0.02,0.59,0.1,1
0.05,3.61,0.08,24.15,4.8,0.24,0.001,2.73,0.067,0.0,1.69,1.32,0.03,21.65,0.03,0.17,0.19,0
0.06,0.1,0.08,6.54,0.19,0.1,0.77,0.73,0.11,0.04,1.23,0.01,0.69,29.71,0.06,0.77,0.08,0
0.07,0.1,0.01,3.6,0.38,0.03,0.97,0.72,0.007,0.08,1.3,2.11,1.05,0.75,0.01,0.97,0.08,0
0.003,1.86,0.35,12.17,4.14,0.03,0.0,7.8,0.097,0.01,1.16,1.64,1.47,2.06,0.01,0.0,0.11,1
0.001,0.06,0.46,14.55,2.52,0.05,0.008,0.68,0.17,0.02,1.51,1.87,0.66,22.29,0.02,0.09,0.09,1
0.008,0.32,0.76,20.36,0.34,0.04,0.0,4.91,0.013,0.02,1.15,3.46,0.34,28.36,0.01,0.0,0.36,1
0.008,0.36,0.33,22.59,2.96,0.03,0.0,2.17,0.028,0.09,1.56,1.96,0.72,11.11,0.01,0.0,0.2,1
0.03,1.78,0.07,19.67,4.04,0.87,0.0,3.75,0.124,0.02,1.43,3.93,0.17,12.22,0.07,0.0,0.32,0
0.1,0.1,0.06,3.23,0.29,0.03,0.001,0.49,0.079,0.03,1.09,0.06,1.04,27.37,0.01,0.49,0.07,0
0.08,0.05,0.1,0.01,0.48,0.07,0.0,0.0,0.034,0.0,0.0,0.91,1.32,10.19,0.02,0.0,0.02,1
0.004,4.1,0.11,18.38,2.51,0.01,0.0,5.37,0.046,0.0,1.37,3.59,1.31,6.26,0.02,0.0,0.21,1
0.005,2.54,0.26,39.38,1.18,0.03,0.0,7.7,0.088,0.02,1.39,3.22,0.72,0.09,0.03,0.0,0.34,1
0.03,0.05,0.02,2.08,0.07,0.06,0.005,1.8,0.066,0.02,0.9,0.4,0.81,29.28,0.07,0.0,0.09,1
0.07,0.02,0.04,4.64,0.03,0.09,0.0,0.84,0.159,0.03,1.0,0.67,0.53,4.34,0.02,0.0,0.03,1
0.08,0.05,0.07,3.22,0.21,0.06,0.005,0.06,0.033,0.02,1.55,1.67,1.38,10.78,0.09,0.26,0.01,0
0.004,3.02,0.29,8.33,3.4,0.001,0.53,6.53,0.175,0.02,1.09,3.76,0.32,8.17,0.01,0.53,0.32,1
0.04,0.04,0.03,0.34,0.08,0.06,0.0,2.16,0.151,0.05,1.0,0.49,0.49,10.84,0.06,0.0,0.03,1
0.05,0.04,0.03,1.17,0.09,0.04,0.7,1.8,0.129,0.07,1.81,2.77,1.25,12.61,0.03,0.7,0.08,0
0.006,0.97,0.1,0.48,2.16,0.03,0.002,0.1,0.048,0.01,1.96,2.45,0.74,24.0,0.07,0.32,0.09,1
0.05,0.09,0.0,7.09,0.02,0.01,0.77,0.09,0.042,0.06,1.32,0.89,0.07,23.55,0.05,0.77,0.01,0
0.006,1.13,0.66,30.52,7.43,0.02,0.0,0.24,0.166,0.05,1.03,1.05,0.27,12.27,0.0,0.0,0.06,1
0.03,0.05,0.43,39.67,4.62,0.19,0.002,0.02,0.155,0.01,1.26,3.45,0.07,5.34,0.07,0.29,0.05,1
0.001,1.92,0.02,26.22,1.19,0.03,0.83,4.18,0.079,0.08,1.58,1.69,0.33,14.94,0.08,0.83,0.18,1
0.11,0.01,0.45,32.55,1.81,0.29,0.008,4.86,0.197,0.06,2.16,1.53,0.45,15.07,0.05,0.3,0.04,0
0.01,0.08,0.04,3.62,0.04,0.02,0.001,0.06,0.166,0.08,0.03,2.12,1.33,22.42,0.07,0.05,0.06,0
0.05,0.05,0.0,2.14,0.26,0.03,0.5,0.12,0.096,0.01,1.43,1.73,0.56,9.19,0.1,0.5,0.07,0
0.002,0.15,0.52,7.96,7.07,0.03,0.001,2.36,0.021,0.01,1.27,0.74,0.96,27.45,0.01,0.25,0.43,1
0.06,0.09,0.08,5.04,0.03,0.05,0.82,2.01,0.197,0.01,0.51,0.48,0.75,23.64,0.08,0.0,0.07,0
0.06,0.03,0.09,11.23,0.25,0.03,0.004,0.6,0.105,0.08,0.9,0.04,0.46,2.45,0.09,0.0,0.03,1
0.05,0.07,0.45,44.22,4.53,0.38,0.97,6.28,0.001,0.08,1.45,3.73,1.05,1.44,0.01,0.97,0.42,0
0.04,0.02,0.23,28.51,6.26,0.56,0.008,2.08,0.001,0.0,1.61,4.43,1.38,21.87,0.04,0.13,0.08,1
0.01,0.06,0.07,40.8,3.3,0.59,0.005,6.62,0.016,0.04,1.43,4.29,1.29,9.37,0.01,0.39,0.43,0
0.03,0.01,0.25,55.87,0.62,0.6,0.56,0.98,0.026,0.08,1.88,3.25,1.29,1.62,0.02,0.56,0.21,0
0.007,4.82,0.08,1.49,2.98,0.001,0.89,3.44,0.041,0.02,1.61,2.52,0.14,20.75,0.01,0.89,0.22,1
0.003,2.26,0.65,31.36,0.19,0.02,0.005,0.06,0.106,0.05,1.22,3.51,0.21,4.74,0.06,0.33,0.04,1
0.008,1.87,0.52,20.32,2.86,0.05,0.77,2.21,0.012,0.04,1.55,3.74,0.51,6.1,0.02,0.77,0.48,1
0.005,1.03,0.62,19.33,2.5,0.01,0.62,4.62,0.106,0.07,1.09,1.79,0.15,16.96,0.02,0.62,0.41,1
0.07,0.06,0.09,3.44,0.18,0.09,0.51,2.98,0.198,0.03,0.62,0.4,0.94,18.53,0.08,0.51,0.01,0
0.005,0.17,0.04,10.82,4.6,0.05,0.96,7.74,0.04,0.07,1.27,0.46,1.28,4.82,0.09,0.96,0.4,0
0.1,0.08,0.01,9.23,0.03,0.03,0.004,1.57,0.181,0.01,1.86,0.11,0.98,15.87,0.07,0.28,0.05,0
0.005,1.9,0.22,13.86,5.23,0.04,0.006,3.74,0.075,0.01,1.36,3.4,0.07,28.85,0.06,0.12,0.27,1
0.006,0.77,0.04,30.41,4.5,0.05,0.0,4.34,0.015,0.0,1.69,3.45,1.01,12.4,0.01,0.42,0.35,1
0.11,0.03,0.3,49.3,3.44,0.76,0.006,6.33,0.13,0.07,1.46,1.66,1.35,18.72,0.05,0.38,0.06,0
0.008,0.89,0.26,16.42,0.8,0.03,0.004,3.23,0.034,0.02,1.2,3.35,0.85,23.24,0.09,0.44,0.03,1
0.08,0.02,0.04,2.27,0.05,0.02,0.009,3.3,0.023,0.04,0.28,0.13,0.26,1.95,0.06,0.0,0.01,0
0.13,2.75,0.48,39.43,1.43,0.98,0.005,4.51,0.112,0.02,2.0,3.95,0.74,14.03,0.06,0.0,0.05,1
0.08,0.08,0.46,30.31,4.96,0.04,0.005,5.75,0.001,0.02,1.14,2.11,0.79,11.52,0.04,0.43,0.35,0
0.004,4.55,0.34,21.86,5.66,0.02,0.0,4.88,0.075,0.01,1.12,3.83,1.18,29.14,0.08,0.0,0.04,1
0.007,0.03,0.22,21.54,6.15,0.01,0.008,0.74,0.017,0.06,1.73,1.18,0.02,23.0,0.0,0.22,0.35,0
0.09,0.08,0.07,1.7,0.47,0.09,0.94,0.5,0.047,0.01,0.82,0.73,1.16,18.59,0.03,0.0,0.07,0
0.008,4.0,0.52,44.82,0.89,0.02,0.66,6.84,0.144,0.05,1.63,3.2,0.14,21.13,0.02,0.66,0.46,0
0.006,0.12,0.31,8.0,0.1,0.04,0.008,3.52,0.108,0.08,1.91,0.18,1.4,28.83,0.02,0.41,0.27,0
0.003,3.01,0.46,32.08,3.41,0.01,0.84,4.26,0.081,0.07,1.67,3.99,1.43,13.84,0.08,0.84,0.26,1
0.09,0.0,0.05,0.6,0.42,0.07,0.76,2.0,0.052,0.05,1.27,0.39,0.01,3.65,0.01,0.76,0.06,0
0.12,1.56,0.15,38.76,8.13,0.1,0.99,4.74,0.13,0.03,1.51,4.27,1.41,23.09,0.01,0.0,0.03,1
0.07,0.07,0.51,46.69,0.4,0.81,0.82,6.98,0.053,0.07,1.31,1.91,0.69,13.64,0.05,0.82,0.15,0
0.05,0.06,0.0,0.03,0.04,0.01,0.001,0.27,0.033,0.06,0.46,1.5,0.37,13.89,0.05,0.0,0.07,0
0.08,1.76,0.77,17.23,3.37,0.42,0.97,3.54,0.166,0.01,1.34,1.57,1.47,8.01,0.05,0.97,0.5,0
0.09,0.1,0.02,0.4,0.3,0.07,0.74,0.5,0.126,0.08,1.01,0.09,1.36,18.42,0.01,0.74,0.04,0
0.001,0.01,0.12,42.49,4.18,0.05,0.001,7.07,0.117,0.09,1.39,3.92,1.48,13.83,0.06,0.06,0.38,0
0.02,0.06,0.08,1.12,0.02,0.08,0.007,0.34,0.112,0.05,0.81,0.85,0.63,22.96,0.03,0.0,0.07,0
0.001,0.03,0.17,41.46,3.67,0.02,0.001,4.78,0.08,0.01,1.14,3.85,0.34,22.55,0.03,0.21,0.1,1
0.07,0.01,0.07,0.43,0.06,0.02,0.98,0.44,0.01,0.01,0.47,0.08,0.21,8.26,0.09,0.0,0.0,0
0.002,0.15,0.39,38.53,2.73,0.03,0.93,0.16,0.165,0.01,1.01,3.14,0.13,1.38,0.07,0.93,0.27,1
0.06,0.07,0.0,10.15,0.16,0.02,0.007,3.16,0.114,0.0,0.52,1.76,0.36,24.83,0.02,0.0,0.06,0
0.05,0.01,0.09,1.14,0.0,0.03,0.003,4.15,0.163,0.01,1.62,1.83,0.27,9.43,0.02,0.19,0.03,0
0.008,1.7,0.44,9.71,0.14,0.05,0.0,6.8,0.026,0.06,1.97,1.46,1.35,9.17,0.07,0.0,0.34,1
0.04,0.06,0.01,0.11,0.09,0.08,0.61,0.67,0.142,0.0,0.17,0.06,0.26,6.32,0.0,0.0,0.02,0
0.008,0.42,0.61,25.83,6.92,0.04,0.0,4.2,0.095,0.03,1.39,2.22,0.48,18.06,0.09,0.0,0.08,1
0.002,4.62,0.4,10.0,3.31,0.001,0.006,4.73,0.182,0.05,1.41,0.6,1.42,24.92,0.0,0.48,0.26,1
0.12,4.2,0.84,36.11,4.64,0.8,0.0,4.14,0.045,0.01,1.36,2.53,1.01,18.97,0.01,0.0,0.02,1
0.005,0.03,0.15,55.9,0.8,0.001,0.54,5.88,0.163,0.0,1.76,2.04,0.8,7.2,0.01,0.54,0.18,0
0.002,0.05,0.72,36.57,2.78,0.01,0.006,4.55,0.049,0.0,1.43,3.04,1.41,25.84,0.03,0.08,0.19,0
0.002,4.7,0.27,28.9,3.9,0.001,0.0,4.51,0.011,0.07,1.77,3.09,0.94,18.64,0.0,0.0,0.12,1
0.003,1.14,0.58,32.91,1.63,0.04,0.007,2.78,0.069,0.03,1.55,3.81,1.06,2.59,0.07,0.22,0.16,1
0.008,3.92,0.82,12.71,5.18,0.05,0.0,1.03,0.139,0.07,1.64,3.96,1.35,0.53,0.04,0.0,0.23,1
0.004,0.42,0.31,36.76,3.76,0.02,0.0,2.38,0.125,0.01,1.43,0.92,0.52,18.15,0.04,0.0,0.31,1
0.05,0.05,0.05,6.03,0.2,0.03,0.003,0.37,0.014,0.02,0.39,1.91,1.25,16.94,0.07,0.11,0.1,0
0.08,0.05,0.03,0.32,0.02,0.07,0.008,0.61,0.042,0.02,0.95,0.17,0.94,6.9,0.05,0.0,0.08,0
0.08,4.92,0.08,34.6,2.45,0.3,0.7,4.98,0.018,0.01,2.14,1.06,0.92,26.16,0.03,0.7,0.3,0
0.001,0.22,0.88,30.27,1.79,0.03,0.0,1.91,0.05,0.06,1.06,2.14,1.49,18.53,0.08,0.0,0.29,1
0.04,5.03,0.73,1.42,6.07,0.06,0.58,7.52,0.195,0.02,2.11,1.09,0.29,26.11,0.06,0.0,0.26,0
0.006,2.72,0.18,22.73,1.87,0.05,0.0,3.61,0.162,0.05,1.66,0.53,1.44,26.67,0.05,0.0,0.02,1
0.06,0.01,0.08,10.07,0.1,0.06,0.93,0.54,0.097,0.05,0.81,0.3,1.11,21.48,0.02,0.0,0.08,0
0.003,0.87,0.12,36.59,3.71,0.04,0.99,7.15,0.03,0.03,1.01,1.91,1.49,6.54,0.0,0.99,0.44,1
0.12,1.56,0.88,44.68,5.79,0.53,0.0,2.3,0.103,0.0,1.51,0.84,1.42,0.04,0.07,0.0,0.0,1
0.001,3.42,0.2,2.61,2.25,0.001,0.0,2.61,0.089,0.04,1.15,1.76,1.43,19.72,0.03,0.0,0.08,1
0.02,0.05,0.09,6.68,0.02,0.1,0.77,1.41,0.09,0.08,0.05,1.89,0.83,2.13,0.09,0.0,0.07,0
0.002,2.04,0.32,30.05,3.16,0.04,0.0,5.34,0.185,0.0,1.08,3.2,1.12,12.04,0.08,0.0,0.29,1
0.03,0.07,0.05,0.58,0.07,0.09,0.0,7.17,0.176,0.02,1.7,0.43,0.47,10.62,0.06,0.0,0.05,0
0.005,2.1,0.78,38.03,4.01,0.05,0.0,2.77,0.128,0.06,1.43,3.38,1.41,3.73,0.02,0.0,0.05,1
0.007,0.09,0.04,57.11,7.64,0.05,0.8,0.2,0.093,0.02,1.5,2.13,0.62,28.95,0.03,0.8,0.48,0
0.04,0.02,0.06,0.46,0.03,0.1,0.003,1.69,0.089,0.03,1.97,0.42,0.43,23.1,0.03,0.04,0.04,0
0.01,0.06,0.08,1.41,0.08,0.1,0.0,0.46,0.116,0.03,1.6,0.28,1.33,6.66,0.03,0.0,0.08,0
0.0,0.01,0.0,0.0,2.0,0.01,0.0,0.0,0.0,0.0,0.0,2.0,0.0,10.0,0.0,0.0,0.0,1
0.001,4.32,0.32,5.2,7.97,0.04,0.008,5.63,0.101,0.01,1.69,1.98,0.66,10.15,0.04,0.06,0.12,1
0.001,3.81,0.25,41.37,2.89,0.03,0.51,4.76,0.094,0.03,1.31,3.62,1.43,21.58,0.05,0.51,0.4,0
0.08,4.71,0.32,58.67,7.38,0.72,0.003,1.94,0.05,0.0,2.07,3.79,0.3,2.47,0.01,0.0,0.41,0
0.001,2.72,0.06,41.23,7.85,0.001,0.0,1.8,0.161,0.01,1.9,3.32,1.37,2.22,0.04,0.0,0.09,1
0.08,4.12,0.11,9.87,6.38,0.2,0.001,6.02,0.147,0.07,1.94,2.44,1.06,22.38,0.03,0.07,0.35,0
0.007,3.85,0.41,29.96,3.74,0.01,0.9,4.47,0.154,0.0,1.85,1.11,0.82,1.53,0.03,0.9,0.19,1
0.09,0.07,0.06,1.54,0.04,0.06,0.5,0.59,0.196,0.06,0.51,2.6,0.5,5.24,0.07,0.0,0.08,0
0.05,0.03,0.06,8.75,0.18,0.03,0.84,2.03,0.136,0.08,0.19,0.45,1.46,22.52,0.06,0.0,0.03,0
0.003,0.09,0.4,55.04,2.63,0.04,0.65,5.22,0.044,0.02,1.81,3.79,0.62,23.69,0.03,0.65,0.48,0
0.001,0.23,0.17,33.5,0.5,0.05,0.0,2.73,0.141,0.08,1.22,2.36,1.03,20.5,0.1,0.0,0.34,0
0.06,0.02,0.04,3.23,0.01,0.0,0.007,0.15,0.02,0.02,1.48,0.68,0.72,10.99,0.06,0.25,0.07,0
0.001,1.81,0.69,11.04,4.34,0.04,0.85,3.63,0.1,0.09,1.21,0.14,1.35,20.45,0.01,0.85,0.48,1
0.07,0.01,0.06,0.01,0.44,0.1,0.0,2.0,0.01,0.04,1.97,0.65,1.2,10.44,0.01,0.0,0.0,0
0.08,0.2,0.25,22.17,2.16,0.53,0.005,4.6,0.084,0.01,2.07,0.75,1.09,21.02,0.06,0.34,0.04,1
0.008,2.99,0.35,27.25,1.43,0.001,0.99,2.39,0.063,0.0,1.17,2.58,1.32,0.22,0.07,0.99,0.25,1
0.11,0.03,0.51,26.8,7.98,0.79,0.004,4.0,0.198,0.0,1.67,3.64,0.62,25.43,0.06,0.35,0.11,0
0.06,2.52,0.63,16.99,3.66,0.39,0.002,2.13,0.197,0.03,1.32,4.07,1.37,28.4,0.09,0.31,0.05,0
0.008,1.4,0.52,29.73,0.83,0.04,0.005,6.88,0.135,0.08,1.85,3.14,1.48,5.43,0.0,0.13,0.47,1
0.05,0.09,0.71,37.65,4.37,0.13,0.004,6.66,0.172,0.08,2.12,1.78,1.44,16.12,0.05,0.34,0.45,0
0.1,0.97,0.82,35.2,2.47,0.09,0.003,6.85,0.001,0.07,1.42,3.12,0.52,13.12,0.01,0.0,0.15,0
0.04,0.08,0.05,0.39,0.01,0.01,0.0,3.1,0.035,0.01,1.88,3.78,0.2,7.88,0.09,0.44,0.07,0
0.001,3.46,0.46,50.82,2.13,0.01,0.7,2.0,0.122,0.0,1.53,1.82,0.79,4.78,0.09,0.7,0.28,1
0.002,1.37,0.35,21.31,6.12,0.02,0.63,4.14,0.106,0.05,1.28,2.45,1.35,19.98,0.04,0.63,0.12,1
0.002,1.81,0.15,19.72,2.8,0.01,0.0,6.83,0.057,0.07,1.59,1.59,0.96,18.67,0.07,0.0,0.04,1
0.003,2.91,0.49,2.55,2.56,0.03,0.0,3.95,0.13,0.06,1.9,2.75,1.19,0.37,0.07,0.0,0.49,1
0.004,3.71,0.47,32.92,0.38,0.02,0.0,4.49,0.187,0.07,1.77,0.42,0.43,6.52,0.06,0.0,0.46,1
0.006,3.68,0.87,22.62,1.87,0.01,0.0,7.15,0.074,0.0,1.54,2.91,0.04,14.46,0.09,0.0,0.24,1
0.001,2.92,0.66,11.36,4.91,0.03,0.8,7.67,0.193,0.04,1.72,2.52,0.68,12.37,0.1,0.8,0.39,1
0.001,0.04,0.41,4.06,4.18,0.02,0.004,5.6,0.125,0.02,1.22,1.19,0.39,11.12,0.05,0.05,0.01,0
0.05,0.1,0.04,0.97,0.22,0.06,0.0,3.78,0.09,0.06,1.0,0.26,0.62,1.97,0.07,0.02,0.02,0
0.07,0.09,0.02,0.56,0.27,0.02,0.97,1.7,0.007,0.08,0.88,1.87,1.05,1.37,0.01,0.0,0.05,0
0.03,0.06,0.08,1.71,0.11,0.05,0.75,6.52,0.005,0.07,0.49,0.42,1.46,3.77,0.07,0.0,0.1,0
0.009,0.31,0.89,13.04,7.37,0.04,0.0,2.95,0.076,0.05,1.06,1.42,0.61,29.31,0.04,0.0,0.02,1
0.07,0.01,0.01,4.17,0.19,0.04,0.51,2.71,0.094,0.03,0.07,0.54,1.43,21.25,0.05,0.51,0.09,0
0.004,0.92,0.19,20.28,7.59,0.04,0.008,4.35,0.103,0.07,1.42,1.39,1.06,9.34,0.01,0.27,0.41,1
0.003,0.1,0.52,18.52,1.22,0.01,0.61,0.05,0.04,0.02,1.38,2.13,0.59,25.21,0.03,0.61,0.05,1
0.03,0.09,0.08,3.59,0.03,0.02,0.7,0.33,0.126,0.0,0.3,0.15,0.66,22.73,0.0,0.0,0.06,0
0.003,0.85,0.36,16.61,6.14,0.03,0.0,2.27,0.044,0.0,1.45,1.21,1.1,29.02,0.06,0.0,0.24,1
0.006,0.75,0.89,18.51,3.49,0.01,0.0,0.77,0.011,0.08,1.47,2.59,1.06,10.88,0.02,0.0,0.36,1
0.08,0.04,0.01,7.45,0.01,0.03,0.003,0.1,0.135,0.02,0.47,0.58,0.25,5.62,0.09,0.04,0.07,1
0.12,3.06,0.46,13.79,1.49,0.24,0.002,3.46,0.167,0.04,1.54,1.69,0.88,12.15,0.1,0.0,0.23,0
0.003,2.2,0.52,18.03,4.52,0.04,0.86,7.82,0.132,0.01,1.96,1.42,0.35,23.23,0.03,0.86,0.4,1
0.006,1.44,0.02,50.43,2.79,0.01,0.008,1.22,0.089,0.08,1.52,3.73,1.09,24.6,0.03,0.46,0.03,0
0.002,2.47,0.63,11.55,3.63,0.001,0.0,2.13,0.197,0.03,1.09,3.67,1.37,28.5,0.09,0.0,0.05,1
0.001,0.09,0.07,5.54,3.16,0.02,0.61,0.32,0.123,0.01,1.72,3.28,0.08,15.72,0.03,0.61,0.06,1
0.02,0.07,0.11,18.0,2.9,0.38,0.009,5.37,0.001,0.0,1.56,4.09,1.31,6.16,0.02,0.15,0.21,0
0.008,2.1,0.49,34.68,4.75,0.02,0.61,3.19,0.133,0.02,1.65,1.98,1.15,7.61,0.03,0.61,0.24,1
0.003,2.17,0.38,16.62,4.27,0.05,0.0,7.46,0.026,0.0,1.85,3.98,0.12,22.04,0.07,0.0,0.3,1
0.02,3.57,0.32,51.01,2.02,1.01,0.0,4.23,0.023,0.04,1.52,2.91,0.26,1.97,0.06,0.0,0.03,0
0.006,0.92,0.69,16.9,2.67,0.03,0.001,2.41,0.117,0.02,1.11,0.2,0.61,24.33,0.02,0.13,0.06,1
0.008,0.86,0.09,32.6,6.5,0.01,0.0,3.54,0.096,0.01,1.43,2.34,0.56,9.91,0.1,0.0,0.05,1
0.005,2.69,0.74,16.9,2.1,0.001,0.004,5.19,0.199,0.08,1.66,0.62,0.97,5.79,0.07,0.24,0.44,1
0.02,0.07,0.25,3.73,3.28,0.27,0.004,2.82,0.082,0.01,2.56,3.36,0.76,1.97,0.02,0.15,0.45,0
0.005,3.81,0.45,25.55,6.03,0.001,0.59,6.14,0.119,0.05,1.38,2.17,0.79,11.11,0.08,0.59,0.4,1
0.004,1.5,0.09,23.89,3.37,0.04,0.0,1.4,0.071,0.02,1.71,2.68,1.02,9.91,0.04,0.0,0.41,1
0.07,0.1,0.06,1.6,0.43,0.05,0.0,3.24,0.183,0.07,2.18,0.73,0.27,22.85,0.06,0.0,0.04,0
0.009,0.02,0.59,15.98,3.61,0.02,0.52,4.47,0.197,0.08,1.45,1.72,0.28,14.44,0.06,0.52,0.02,0
0.05,1.42,0.09,41.84,6.13,0.91,0.002,4.08,0.148,0.01,1.94,0.8,0.8,6.3,0.06,0.37,0.05,1
0.08,0.01,0.04,7.07,0.04,0.04,0.004,0.97,0.055,0.05,0.18,0.75,0.03,26.59,0.09,0.0,0.08,1
0.002,0.05,0.56,44.62,0.96,0.03,0.006,4.28,0.132,0.02,1.56,3.41,0.99,9.34,0.02,0.43,0.05,1
0.001,1.62,0.11,3.47,3.07,0.01,0.001,6.28,0.015,0.01,1.02,1.46,1.21,6.54,0.09,0.33,0.47,1
0.05,0.27,0.34,37.97,0.94,0.2,0.5,1.23,0.148,0.02,2.28,2.28,0.01,9.69,0.06,0.5,0.01,1
0.001,3.73,0.23,15.32,7.42,0.02,0.0,1.35,0.032,0.02,1.64,2.24,1.02,6.59,0.07,0.0,0.35,1
0.01,0.08,0.02,7.5,0.52,0.02,0.51,6.43,0.198,0.03,1.62,0.1,0.94,19.59,0.08,0.51,0.05,0
0.02,0.29,0.03,48.79,4.82,0.7,0.006,7.81,0.189,0.05,2.43,2.82,0.36,8.73,0.01,0.27,0.21,0
0.003,3.81,0.05,47.47,2.4,0.02,0.003,7.35,0.075,0.0,1.25,3.51,0.74,8.13,0.05,0.05,0.36,1
0.06,2.69,0.72,22.91,7.02,0.92,0.84,1.16,0.032,0.0,1.94,4.4,1.37,6.42,0.07,0.84,0.01,1
0.009,4.38,0.67,17.71,1.36,0.01,0.75,1.03,0.011,0.06,1.28,0.73,0.59,22.68,0.02,0.75,0.02,1
0.0,0.05,0.06,0.99,0.16,0.07,0.97,4.0,0.118,0.0,0.5,0.99,1.43,3.31,0.03,0.0,0.08,0
0.003,0.71,0.69,35.17,3.45,0.04,0.006,0.66,0.123,0.03,1.61,1.4,0.66,9.9,0.04,0.3,0.05,1
0.03,0.06,0.02,7.42,0.43,0.02,0.79,1.82,0.118,0.06,1.97,0.24,1.5,5.43,0.01,0.79,0.07,0
0.07,0.25,0.78,0.26,7.62,0.09,0.004,7.97,0.055,0.05,2.03,2.32,0.03,26.84,0.09,0.23,0.21,0
0.005,0.29,0.88,38.55,6.97,0.01,0.0,4.86,0.023,0.02,1.78,0.83,1.41,2.03,0.09,0.0,0.37,1
0.004,4.07,0.18,19.37,6.56,0.001,0.008,3.14,0.163,0.06,1.1,3.07,0.22,6.44,0.04,0.31,0.38,1
0.009,3.69,0.4,50.04,7.24,0.05,0.003,4.58,0.102,0.09,1.78,1.81,0.93,3.7,0.01,0.36,0.45,1
0.07,0.01,0.07,0.14,0.09,0.05,0.004,2.3,0.045,0.04,0.87,0.57,1.14,16.13,0.02,0.0,0.05,1
0.008,0.13,0.52,20.32,2.86,0.05,0.77,2.21,0.012,0.04,1.55,3.74,0.51,6.1,0.02,0.77,0.48,0
0.004,0.14,0.24,48.15,7.22,0.04,0.005,1.9,0.1,0.05,1.48,2.2,0.05,7.63,0.06,0.49,0.28,0
0.005,2.79,0.41,16.31,6.89,0.01,0.84,2.21,0.115,0.01,1.74,3.19,0.71,29.26,0.08,0.84,0.19,1
0.1,0.08,0.07,0.3,0.0,0.09,0.002,2.98,0.167,0.04,1.81,0.45,0.88,0.74,0.1,0.25,0.1,0
0.11,0.02,0.11,17.3,3.8,0.24,0.008,2.18,0.071,0.02,1.39,0.65,0.36,13.64,0.04,0.13,0.01,1
0.04,0.01,0.04,4.66,0.34,0.03,0.002,0.86,0.011,0.07,1.38,0.61,0.03,21.84,0.04,0.24,0.03,0
0.008,2.33,0.89,9.33,6.37,0.04,0.8,0.54,0.194,0.05,1.36,2.4,0.83,4.57,0.1,0.8,0.13,1
0.004,1.54,0.19,15.73,4.71,0.001,1.0,3.83,0.133,0.09,1.87,0.02,0.95,14.49,0.0,1.0,0.49,1
0.001,0.27,0.32,1.12,5.98,0.03,0.95,0.05,0.162,0.05,1.22,1.31,0.75,11.62,0.06,0.95,0.02,1
0.003,1.34,0.2,3.99,5.3,0.04,0.001,2.41,0.117,0.06,1.11,0.57,0.61,4.06,0.02,0.01,0.3,1
0.002,4.26,0.78,27.89,3.48,0.02,0.008,4.96,0.052,0.08,1.75,1.12,1.01,28.71,0.08,0.3,0.27,1
0.004,0.25,0.24,24.01,4.54,0.02,0.002,3.65,0.124,0.02,1.06,1.62,0.64,0.98,0.05,0.1,0.37,0
0.006,3.36,0.86,19.09,3.25,0.03,0.008,4.23,0.03,0.04,1.68,3.15,0.59,2.5,0.08,0.25,0.39,1
0.03,0.03,0.01,5.46,0.07,0.03,0.77,0.9,0.042,0.06,0.24,2.55,0.07,23.91,0.05,0.0,0.06,0
0.05,0.06,0.04,0.38,0.01,0.04,0.001,0.15,0.059,0.08,0.89,0.39,0.28,28.88,0.06,0.0,0.02,1
0.004,4.3,0.28,44.88,4.06,0.01,0.73,4.05,0.059,0.05,1.2,3.09,0.79,2.03,0.06,0.73,0.24,1
0.05,0.02,0.46,36.48,2.68,0.16,0.59,1.75,0.118,0.06,2.16,3.91,0.88,23.24,0.02,0.59,0.23,0
0.01,4.99,0.89,27.53,6.99,0.47,0.001,4.06,0.117,0.03,1.08,3.51,1.27,25.62,0.1,0.0,0.33,0
0.003,3.08,0.03,3.77,4.77,0.05,0.006,7.81,0.189,0.05,1.56,2.24,0.36,8.83,0.01,0.27,0.21,1
0.001,1.14,0.46,10.45,0.17,0.04,0.0,6.0,0.101,0.04,1.36,2.67,0.01,8.89,0.01,0.0,0.01,1
0.09,0.04,0.07,5.77,0.04,0.1,0.004,0.32,0.011,0.05,1.29,0.27,0.95,21.76,0.03,0.19,0.01,0
0.08,0.01,0.07,0.1,0.31,0.04,0.75,0.08,0.147,0.02,1.38,0.14,1.48,10.38,0.02,0.75,0.1,0
0.09,0.0,0.07,12.19,0.49,0.07,0.005,2.44,0.197,0.07,0.84,0.04,0.86,19.57,0.08,0.16,0.06,0
0.03,0.05,0.01,0.77,0.45,0.1,0.003,2.72,0.076,0.05,0.6,0.07,1.05,0.37,0.07,0.0,0.09,0
0.001,2.18,0.33,34.46,1.66,0.04,0.62,1.38,0.147,0.02,1.49,3.61,0.48,22.69,0.1,0.62,0.28,0
0.07,2.71,0.59,30.22,2.06,0.35,0.66,0.4,0.016,0.03,1.87,3.61,0.12,17.92,0.0,0.66,0.08,1
0.03,0.12,0.38,44.59,1.37,0.41,0.007,2.97,0.02,0.02,1.42,0.97,0.72,17.45,0.06,0.25,0.1,1
0.04,0.04,0.06,3.82,0.34,0.09,0.003,4.64,0.095,0.07,0.45,0.06,1.34,6.17,0.01,0.0,0.04,1
0.03,0.01,0.09,3.3,0.05,0.0,0.75,1.01,0.07,0.03,1.26,0.01,0.42,5.19,0.0,0.75,0.06,0
0.03,0.08,0.05,1.13,0.01,0.06,0.75,0.1,0.071,0.05,0.93,0.52,0.99,26.02,0.0,0.75,0.01,0
0.001,1.86,0.69,39.06,5.65,0.04,0.0,7.51,0.016,0.01,1.48,3.79,0.21,10.48,0.04,0.0,0.4,1
0.008,0.1,0.34,47.93,0.79,0.001,0.5,1.23,0.148,0.02,1.95,1.6,0.01,9.79,0.06,0.5,0.01,1
0.04,0.08,0.09,27.73,3.16,0.14,0.003,0.19,0.014,0.02,2.21,3.75,1.25,17.55,0.07,0.11,0.29,0
0.007,2.14,0.3,6.97,5.23,0.01,0.009,7.6,0.156,0.02,1.27,0.12,0.99,18.1,0.01,0.05,0.12,1
0.006,3.35,0.28,19.55,7.51,0.02,0.003,7.29,0.185,0.01,1.44,1.92,0.45,14.3,0.07,0.36,0.02,1
0.04,0.08,0.04,2.04,0.17,0.09,0.003,1.58,0.109,0.03,1.0,1.78,0.76,16.99,0.09,0.49,0.05,0
0.07,1.98,0.67,46.97,5.08,0.67,0.008,0.01,0.172,0.02,2.01,1.3,0.08,26.55,0.08,0.0,0.02,1
0.009,3.38,0.49,44.5,3.05,0.01,0.91,0.1,0.135,0.06,1.83,2.68,1.14,10.07,0.03,0.91,0.21,1
0.09,0.08,0.02,56.22,1.64,0.38,0.83,4.18,0.079,0.08,1.62,2.64,0.33,14.84,0.08,0.83,0.18,0
0.06,0.05,0.02,2.57,0.49,0.02,0.002,0.36,0.131,0.05,0.25,1.07,0.52,10.63,0.06,0.0,0.04,1
0.05,0.07,0.03,2.94,0.17,0.03,0.006,0.6,0.16,0.04,1.83,0.67,0.38,0.22,0.07,0.38,0.02,0
0.04,0.07,0.69,1.99,5.8,0.16,0.003,7.51,0.016,0.01,1.58,4.68,0.21,10.38,0.04,0.35,0.4,0
0.06,0.02,0.03,6.12,0.05,0.05,0.61,0.61,0.087,0.05,0.7,2.15,1.27,9.6,0.09,0.0,0.04,0
0.02,0.05,0.02,0.06,0.28,0.01,0.61,0.37,0.131,0.05,1.46,0.2,1.01,28.22,0.06,0.61,0.06,0
0.001,0.93,0.85,14.24,3.66,0.01,0.007,1.92,0.148,0.02,1.75,3.88,0.81,7.74,0.03,0.2,0.45,1
0.0,0.06,0.05,4.08,0.24,0.08,0.92,0.74,0.112,0.05,0.88,0.98,0.62,0.54,0.05,0.0,0.07,0
0.005,2.13,0.52,21.38,0.5,0.05,0.0,5.1,0.009,0.09,1.51,1.47,0.72,29.19,0.05,0.0,0.28,1
0.007,2.91,0.47,1.09,5.06,0.03,0.77,0.89,0.158,0.08,1.03,0.68,1.09,13.81,0.05,0.77,0.04,1
0.003,4.39,0.41,4.79,2.92,0.04,0.0,4.52,0.2,0.05,1.23,0.73,1.04,18.91,0.06,0.0,0.45,1
0.001,0.02,0.55,6.43,7.3,0.02,0.008,5.57,0.122,0.05,1.97,1.8,0.59,27.71,0.04,0.18,0.03,0
0.004,0.08,0.77,32.54,4.62,0.01,0.59,4.83,0.178,0.02,1.22,2.47,0.4,28.55,0.02,0.59,0.1,1
0.009,2.25,0.14,10.56,1.82,0.01,0.0,1.2,0.142,0.0,1.47,1.66,0.26,6.71,0.0,0.0,0.45,1
0.1,0.04,0.07,0.76,0.28,0.1,0.75,0.59,0.109,0.02,0.55,0.01,0.63,16.44,0.02,0.0,0.01,0
0.11,4.39,0.8,20.32,3.99,0.86,0.0,6.66,0.05,0.0,1.49,1.94,0.48,1.24,0.09,0.0,0.16,0
0.08,0.05,0.09,0.26,0.04,0.03,0.93,2.44,0.075,0.05,0.08,0.06,1.3,1.97,0.05,0.93,0.04,0
0.02,1.8,0.47,44.13,6.04,1.05,0.0,6.79,0.164,0.04,2.01,3.17,1.25,4.2,0.06,0.0,0.12,0
0.05,0.03,0.05,0.23,0.09,0.05,0.95,5.53,0.014,0.04,0.79,0.77,0.9,9.13,0.1,0.95,0.01,0
0.04,0.06,0.07,5.7,0.15,0.03,0.004,0.7,0.184,0.08,0.59,0.74,0.92,0.18,0.04,0.0,0.03,0
0.003,0.36,0.32,47.92,6.52,0.02,0.002,5.92,0.135,0.0,1.57,2.28,0.94,2.2,0.1,0.26,0.11,1
0.11,1.11,0.32,41.73,4.09,0.28,0.004,2.31,0.021,0.02,1.11,3.36,0.32,0.33,0.0,0.01,0.03,1
0.03,0.07,0.03,1.28,0.16,0.04,0.001,0.51,0.032,0.07,0.98,1.22,0.88,11.23,0.06,0.0,0.03,1
0.04,0.09,0.02,3.75,0.11,0.09,0.8,0.12,0.121,0.07,0.79,0.15,0.58,7.25,0.08,0.0,0.04,0
0.005,4.34,0.79,21.12,3.1,0.04,0.004,1.55,0.062,0.04,1.8,1.84,0.96,1.86,0.03,0.21,0.15,1
0.007,4.55,0.36,38.44,3.35,0.001,0.0,2.08,0.03,0.03,1.8,3.42,1.13,10.69,0.09,0.0,0.24,1
0.07,0.03,0.17,48.18,6.89,0.04,1.0,5.45,0.065,0.08,1.19,1.31,1.33,13.62,0.08,1.0,0.48,0
0.06,0.07,0.08,0.83,0.0,0.02,0.009,1.52,0.159,0.0,1.24,0.54,1.45,8.92,0.04,0.42,0.05,0
0.006,0.56,0.78,1.35,0.73,0.03,0.0,4.02,0.118,0.06,1.43,0.49,1.32,9.34,0.04,0.0,0.03,1
0.1,3.01,0.16,30.16,4.04,0.17,0.84,4.78,0.07,0.05,1.13,1.04,0.36,23.09,0.09,0.0,0.09,0
0.002,0.03,0.16,11.83,4.54,0.03,0.52,4.26,0.19,0.06,1.54,1.52,0.05,1.77,0.05,0.52,0.34,0
0.005,0.13,0.4,34.7,6.85,0.04,0.005,2.18,0.177,0.04,1.61,2.0,0.29,6.05,0.05,0.31,0.19,0
0.007,1.19,0.81,3.38,6.86,0.03,0.89,7.69,0.09,0.09,1.69,2.87,0.78,18.95,0.01,0.89,0.41,1
0.006,3.29,0.36,30.49,4.36,0.01,0.91,2.96,0.01,0.0,1.53,2.39,0.15,14.1,0.04,0.91,0.33,1
0.004,0.07,0.48,55.52,4.15,0.02,0.75,7.11,0.005,0.07,1.03,1.65,1.46,4.48,0.07,0.75,0.46,0
0.12,0.01,0.07,44.63,8.11,0.36,0.59,5.18,0.001,0.02,1.91,1.69,1.2,15.07,0.06,0.59,0.07,0
0.03,0.04,0.04,6.92,0.08,0.02,0.007,0.48,0.02,0.02,0.29,0.04,0.72,17.44,0.06,0.0,0.07,1
0.02,0.03,0.06,2.0,0.23,0.08,0.62,0.18,0.166,0.05,0.12,0.56,0.27,11.41,0.0,0.0,0.08,0
0.08,0.07,0.07,2.64,0.28,0.04,0.008,0.81,0.03,0.04,1.68,2.84,0.59,1.91,0.08,0.25,0.07,0
0.001,0.01,0.73,31.02,5.42,0.04,0.91,5.87,0.139,0.06,1.84,1.37,0.63,25.46,0.05,0.91,0.01,0
0.13,0.83,0.06,30.96,3.28,0.17,0.63,1.5,0.171,0.02,1.63,4.45,1.06,10.37,0.02,0.0,0.07,1
0.004,0.11,0.42,52.16,4.06,0.04,0.93,4.4,0.097,0.05,1.93,1.33,1.11,22.35,0.02,0.93,0.45,0
